A1	你/ 是/ 谁
A1	你/ 是/ 哪位
A1	你/ 叫/ 什么/ 名字
A1	你/ 怎么/ 称呼
A1	你/ 什么/ 名字
A1	你/ 有没有/ 没有/ 有名/ 名字
A1	怎么/ 称呼/ 你
A1	我们/ 两/ 什么/ 关系
A1	咱们/ 什么/ 关系
A1	咱/ 两/ 什么/ 关系
A1	你/ 叫/ 啥/ 名
A1	你/ 叫/ 什么
A1	我/ 是/ 你/ 的/ 什么/ 人
A1	你/ 的/ 姓名/ 是/ 什么
A1	你/ 跟/ 我/ 的/ 关系
A1	你/ 能/ 帮/ 我/ 干什么/ 什么
A1	你/ 都/ 有/ 什么/ 功能
A1	你/ 有/ 哪些/ 功能
A1	说/ 说/ 你/ 有/ 什么/ 功能
A1	介绍/ 一下/ 你/ 的/ 功能
A1	说/ 说/ 你/ 都/ 会/ 什么
A1	说/ 说/ 你/ 都/ 会/ 什么
A1	你/ 会/ 干什么/ 什么
A1	你/ 会/ 做/ 什么
A1	你/ 能/ 帮/ 我/ 做/ 什么
A1	你/ 可以/ 干什么/ 什么
A1	你/ 可以/ 做/ 什么
A1	你/ 都/ 会/ 干什么/ 什么
A1	你/ 都/ 会/ 做/ 什么
A1	你/ 能/ 做/ 哪些
A1	你/ 都/ 会/ 哪些
A1	你/ 能/ 我/ 帮/ 做/ 什么
A1	你/ 会/ 做/ 啥
A1	你/ 能干/ 啥
A2	什么/ 是/ AWS
A2	AWS/ 是/ 什么/ 意思
A2	AWS/ 的/ 中文/ 中文名/ 文名/ 名字/ 是/ 什么
A2	AWS/ 的/ 中文/ 中文名/ 中文名称/ 文名/ 名称/ 怎么/ 说
A2	介绍/ 一下/ AWS/ 公司
A2	跟/ 我/ 讲/ 一下/ AWS/ 公司
A2	什么/ 是/ 亚马/ 亚马逊/ 云/ 科技
A2	AWS/ 业务
A2	AWS/ 简介
A2	AWS/ 是/ 一家/ 家什/ 什么/ 什么样/ 的/ 公司
A2	AWS/ 是/ 一家/ 怎样/ 的/ 公司
A2	不/ 太/ 了解/ AWS/ 是/ 做/ 什么/ 的
A2	不/ 太/ 了解/ 亚马/ 亚马逊/ 云/ 科技/ 做/ 什么/ 的
A2	不/ 太/ 清楚/ 楚亚/ 亚马/ 亚马逊/ 云/ 科技/ 做/ 哪些/ 业务
A2	AWS/ 公司/ 是/ 干什么/ 什么/ 的
A2	AWS/ 公司/ 做/ 干什么/ 什么/ 的
A2	AWS/ 公司/ 是/ 干/ 啥/ 的
A2	AWS/ 公司/ 是/ 做/ 啥/ 的
A2	不太熟悉/ 熟悉/ AWS/ 的/ 业务
A2	不/ 太/ 清楚/ AWS/ 是/ 干什么/ 什么
A2	AWS/ 有/ 什么/ 业务
A2	AWS/ 有/ 哪些/ 业务
A2	AWS/ 做/ 什么/ 业务
A2	亚马/ 亚马逊/ 云/ 科技/ 是/ 干什么/ 什么/ 的
A2	亚马/ 亚马逊/ 云/ 科技/ 做/ 干什么/ 什么/ 的
A2	亚马/ 亚马逊/ 云/ 科技/ 是/ 干/ 啥/ 的
A2	亚马/ 亚马逊/ 云/ 科技/ 是/ 做/ 啥/ 的
A2	我/ 不/ 太/ 了解/ 亚马/ 亚马逊/ 云/ 科技
A2	我/ 想/ 了解/ 亚马/ 亚马逊/ 云/ 科技
A2	我/ 没听说过/ 听说/ 过/ 亚马/ 亚马逊/ 云/ 科技
A2	不太熟悉/ 熟悉/ 亚马/ 亚马逊/ 云/ 科技
A2	不/ 太/ 了解/ 亚马/ 亚马逊/ 云/ 科技
A2	不/ 太/ 清楚/ 楚亚/ 亚马/ 亚马逊/ 云/ 科技
A2	亚马/ 亚马逊/ 云/ 科技/ 有/ 什么/ 业务
A2	亚马/ 亚马逊/ 云/ 科技/ 有/ 那些/ 业务
A2	介绍/ 一下/ 亚马/ 亚马逊/ 云/ 科技
A2	讲/ 一下/ 亚马/ 亚马逊/ 云/ 科技
A2	怎么/ 联系/ AWS
A2	如何/ 联系/ AWS
A2	怎么/ 联系/ 亚马/ 亚马逊/ 云/ 科技
A2	如何/ 联系/ 亚马/ 亚马逊/ 云/ 科技
A2	怎么/ 联系/ 你们/ 公司
A2	如何/ 联系/ 你们/ 公司
A2	AWS/ 联系/ 联系方式/ 方式
A2	AWS/ 电话
A2	AWS/ 地址
A2	AWS/ 是/ 美国/ 的/ 吗
A2	AWS/ 中国/ 中国区/ 总部/ 在/ 哪儿
A2	AWS/ 中国/ 总部/ 在/ 北京/ 吗
A2	AWS/ 中国/ 总部/ 在/ 上海/ 吗
A2	AWS/ 公司/ 公司总部/ 总部/ 在/ 哪儿
A2	AWS/ 公司/ 在/ 哪个/ 地方
A2	AWS/ 公司/ 在/ 哪个/ 国家
A2	AWS/ 公司/ 是/ 哪国/ 的
A2	AWS/ 公司/ 在/ 哪个/ 城市
A2	AWS/ 官/ 网
A2	你们/ 公司/ 网址/ 是/ 多少
A2	AWS/ 公司/ 网址/ 是/ 多少
A2	亚马/ 亚马逊/ 云/ 科技/ 科技网/ 网址/ 是/ 多少
A2	亚马/ 亚马逊/ 云/ 科技/ 官方/ 官方网/ 网址/ 是/ 哪个
A2	你们/ 公司/ 司官/ 官方/ 官方网/ 官方网站/ 网站/ 是/ 哪个
A2	AWS/ 公司/ 司官/ 官方/ 官方网/ 官方网站/ 网站/ 是/ 哪个
A2	你们/ 公司/ 网站/ 是/ 哪个
A2	AWS/ 公司/ 网站/ 是/ 哪个
A2	亚马/ 亚马逊/ 云/ 科技/ 科技网/ 网站/ 是/ 哪个
A2	AWS/ 公司/ 的/ 联系/ 联系方式/ 方式
A2	你们/ 公司/ 电话/ 多少
A2	AWS/ 公司/ 电话/ 是/ 多少
A2	你们/ 公司/ 电话/ 电话号码/ 号码/ 是/ 什么
A2	亚马/ 亚马逊/ 云/ 科技/ 电话/ 是/ 多少
A2	你们/ 公司/ 热线/ 热线电话/ 电话/ 多少
A2	AWS/ 公司/ 热线/ 热线电话/ 电话/ 是/ 多少
A2	你们/ 公司/ 热线/ 热线电话/ 电话/ 电话号码/ 号码/ 是/ 什么
A2	你们/ 公司/ 服务/ 热线/ 多少
A2	AWS/ 公司/ 服务/ 热线/ 是/ 多少
A2	你们/ 公司/ 服务/ 热线/ 号码/ 是/ 什么
A2	AWS/ 公司/ 在/ 哪儿
A2	AWS/ 公司/ 在/ 什么/ 地方
A2	亚马/ 亚马逊/ 云/ 科技/ 在/ 什么/ 地方
A2	AWS/ 公司/ 公司地址/ 地址/ 在/ 哪儿
A2	AWS/ 在/ 哪里
A2	AWS/ 公司/ 公司地址/ 地址/ 在/ 哪里
A2	亚马/ 亚马逊/ 云/ 科技/ 地址/ 在/ 哪儿
A2	亚马/ 亚马逊/ 云/ 科技/ 地址/ 在/ 哪里
A2	亚马/ 亚马逊/ 云/ 科技/ 在/ 哪儿
A2	亚马/ 亚马逊/ 云/ 科技/ 在/ 哪里
A2	你们/ 公司/ 司官/ 网/ 是/ 多少
A2	AWS/ 公司/ 司官/ 网/ 是/ 多少
A2	亚马/ 亚马逊/ 云/ 科技/ 官/ 网/ 是/ 多少
A2	你们/ 公司/ 司官/ 官方/ 官方网/ 网址/ 是/ 多少
A2	AWS/ 公司/ 司官/ 官方/ 官方网/ 网址/ 是/ 什么
A2	亚马/ 亚马逊/ 云/ 科技/ 官方/ 官方网/ 网址/ 是/ 什么
A2	你们/ 公司/ 司官/ 官方/ 官方网/ 官方网站/ 网站/ 是/ 什么
A2	AWS/ 公司/ 司官/ 官方/ 官方网/ 官方网站/ 网站/ 是/ 什么
A2	亚马/ 亚马逊/ 云/ 科技/ 官方/ 官方网/ 官方网站/ 网站/ 是/ 多少
A2	产品
A2	产品/ 查询
A2	产品/ 推荐
A2	AWS/ 都/ 有/ 什么/ 产品
A2	AWS/ 都/ 提供/ 什么/ 产品
A2	你们/ 公司/ 都/ 有/ 什么/ 热门/ 的/ 产品
A2	你们/ 公司/ 都/ 提供/ 什么/ 产品
A2	AWS/ 都/ 有/ 哪些/ 产品
A2	AWS/ 都/ 提供/ 哪些/ 产品
A2	你们/ 公司/ 都/ 有/ 哪些/ 产品
A2	你们/ 公司/ 都/ 提供/ 哪些/ 产品
A2	AWS/ 都/ 有/ 啥/ 产品
A2	AWS/ 都/ 提供/ 啥/ 产品
A2	你们/ 公司/ 都/ 有/ 啥/ 最新/ 的/ 产品
A2	你们/ 公司/ 都/ 提供/ 啥/ 产品
A2	AWSii/ 今年/ 有/ 什么/ 热门/ 产品
A2	亚马/ 亚马逊/ 云/ 科技/ 都/ 做/ 什么/ 产品
A2	亚马/ 亚马逊/ 云/ 科技/ 都/ 提供/ 什么/ 产品
A2	AWS/ 都/ 做/ 哪些/ 产品
A2	亚马/ 亚马逊/ 云/ 科技/ 都/ 做/ 哪些/ 产品
A2	亚马/ 亚马逊/ 云/ 科技/ 都/ 提供/ 哪些/ 产品
A2	AWS/ 都/ 做/ 啥/ 产品
A2	亚马/ 亚马逊/ 云/ 科技/ 都/ 做/ 啥/ 产品
A2	亚马/ 亚马逊/ 云/ 科技/ 都/ 提供/ 啥/ 产品
A2	跟/ 我/ 说/ 说/ AWS/ 的/ 产品
A2	给/ 我/ 讲讲/ AWS/ 的/ 产品
A2	给/ 我/ 介绍/ 绍介/ 介绍/ AWS/ 的/ 产品
A2	讲/ 一下/ AWS/ 的/ EC2/ 产品
A2	介绍/ 一下/ AWS/ 的/ S3/ 产品
A2	我/ 想/ 了解/ 一下/ AWS/ 的/ 产品
A2	推荐/ 一下/ 你们/ 的/ 热门/ 产品
A2	推荐/ 一下/ 你们/ 的/ 最新/ 产品
A2	有没有/ 没有/ 什么/ 热门/ 的/ 产品/ ，/ 推荐/ 一下
A2	有没有/ 没有/ 什么/ 最新/ 的/ 产品/ ，/ 介绍/ 一下
A2	介绍/ 一下/ AWS/ 公司/ 的/ 产品
A2	讲讲/ AWS/ 的/ 产品/ 体系
A2	你们/ 公司/ 都/ 有/ 什么/ 产品
A2	你们/ 公司/ 都/ 有/ 啥/ 产品
A2	AWS/ 都/ 做/ 什么/ 产品
A2	亚马/ 亚马逊/ 云/ 科技/ 都/ 提供/ 什么/ 云/ 服务/ 产品
A2	亚马/ 亚马逊/ 云/ 科技/ 都/ 提供/ 哪些/ 云/ 服务/ 产品
A2	亚马/ 亚马逊/ 云/ 科技/ 都/ 提供/ 啥/ 云/ 服务/ 产品
A2	你们/ 公司/ 都/ 提供/ 啥/ 云/ 服务/ 产品
A2	把/ AWS/ 的/ 产品/ 资料/ 发/ 我/ 一下
A2	把/ AWS/ 的/ 产品/ 资料/ 发给/ 我
A2	把/ AWS/ 的/ 产品/ 资料/ 发到/ 我/ 邮箱
A2	把/ AWS/ 的/ 产品/ 资料/ 发/ 我/ 邮件
A2	把/ AWS/ 的/ 产品/ 说明/ 资料/ 发/ 我/ 一下
A2	把/ AWS/ 的/ 产品/ 说明/ 资料/ 发给/ 我
A2	把/ 亚马/ 亚马逊/ 云/ 科技/ 的/ 产品/ 说明/ 资料/ 发到/ 我/ 邮箱
A2	把/ 亚马/ 亚马逊/ 云/ 科技/ 的/ 产品/ 说明/ 发/ 我/ 邮件
A2	把/ 亚马/ 亚马逊/ 云/ 科技/ 的/ 产品/ 文档/ 发/ 我/ 一下
A2	把/ 亚马/ 亚马逊/ 云/ 科技/ 的/ 产品/ 文档/ 发给/ 我
A2	把/ 亚马/ 亚马逊/ 云/ 科技/ 的/ 产品/ 文档/ 发到/ 我/ 邮箱
A2	把/ 亚马/ 亚马逊/ 云/ 科技/ 的/ 产品/ 文档/ 文档资料/ 资料/ 发/ 我/ 邮件
A2	介绍/ 一下/ 产品/ ，/ EC2
A2	Amazon/ /  / / Aurora/ 是/ 什么/ 产品
A2	跟/ 我/ 介绍/ 一下/ Amazon/ /  / / Aurora/ 产品
A2	介绍/ 一下/ 你们/ 公司/ 的/ Amazon/ /  / / EC2/ /  / / 产品
A2	那个/ DocumentDB/ /  / / 产品/ 是/ 干什么/ 什么/ 的
A2	讲/ 一下/ AWS/ 的/ 产品
A2	介绍/ 一下/ AWS/ 的/ 产品
A2	你们/ 公司/ 都/ 做/ 什么/ 产品
A2	你们/ 公司/ 都/ 做/ 哪些/ 产品
A2	你们/ 公司/ 都/ 做/ 啥/ 产品
A2	AWS/ 都/ 有/ 什么/ 云/ 服务/ 产品
A2	你们/ 公司/ 都/ 有/ 什么/ 云/ 服务/ 产品
A2	AWS/ 都/ 有/ 哪些/ 云/ 服务/ 产品
A2	你们/ 公司/ 都/ 有/ 哪些/ 云/ 服务/ 产品
A2	AWS/ 都/ 有/ 啥/ 云/ 服务/ 产品
A2	你们/ 公司/ 都/ 有/ 啥/ 云/ 服务/ 产品
A2	能/ 把/ EC2/ 的/ 产品/ 资料/ 发/ 我/ 一下/ 吗
A2	把/ Amozon/ /  / / EC2/ 的/ 产品/ 信息/ 发/ 我/ 一下
A2	把/ EC2/ 的/ 产品/ 介绍/ 发/ 我/ 邮箱
A2	把/ EC2/ 的/ 产品/ 资料/ 给我发/ 一份
A2	可以/ 把/ S3/ 的/ 产品/ 信息/ 发/ 我/ 邮箱/ 吗
A2	我/ 想要/ S3/ 的/ 产品/ 文档/ 文档资料/ 资料
A2	能/ 提供/ AWS/ /  / / S3/ 的/ 产品/ 资料/ 吗
A2	能/ 提供/ 一下/ S3/ 的/ 产品/ 文档/ ，，/ 发/ 邮箱/ 给/ 我
A2	能/ 给/ 一下/ Amozon/ /  / / S3/ 的/ 产品/ 文档/ 吗
A2	有没有/ 没有/ RDS/ 的/ 产品/ 文档/ ，/ 发/ 我/ 邮箱/ 看看
A2	有没有/ 没有/ RDS/ 的/ 产品/ 文件/ ，/ 给我发/ 发邮件/ 邮件/ 我/ 看/ 一下
A2	有没有/ 没有/ Amozon/ /  / / RDS/ 的/ 产品/ 文档/ ，/ 我/ 想/ 看看/ 看看
A2	有/ Lightsail/ 产品/ 的/ 产品/ 文件/ 吗/ ，/ 给我发/ 一下
A2	有/ PDF/ 格式/ 的/ SageMaker/ 产品/ 介绍/ 吗
A2	有/ SageMaker/ 产品/ 的/ PDF/ 文档/ 吗
A2	AWS/ 都/ 有/ 什么/ 计算/ 产品
A2	AWS/ 都/ 提供/ 什么/ 计算/ 产品
A2	你们/ 公司/ 都/ 有/ 什么/ 计算/ 产品
A2	你们/ 公司/ 都/ 提供/ 什么/ 计算/ 产品
A2	AWS/ 都/ 有/ 哪些/ 计算/ 产品
A2	你们/ 公司/ 都/ 有/ 哪些/ 计算/ 产品
A2	你们/ 公司/ 都/ 提供/ 哪些/ 计算/ 产品
A2	你们/ 公司/ 有没有/ 没有/ 计算/ 产品
A2	你们/ 公司/ 有/ 计算/ 产品/ 吗
A2	AWS/ 有没有/ 没有/ 计算/ 产品
A2	AWS/ 有/ 什么/ 最新/ 的/ 计算/ 产品
A2	亚马/ 亚马逊/ 云/ 科技/ 都/ 有/ 什么/ 计算/ 产品
A2	亚马/ 亚马逊/ 云/ 科技/ 都/ 提供/ 什么/ 计算/ 产品
A2	亚马/ 亚马逊/ 云/ 科技/ 都/ 有/ 哪些/ 计算/ 产品
A2	亚马/ 亚马逊/ 云/ 科技/ 有没有/ 没有/ 计算/ 产品
A2	亚马/ 亚马逊/ 云/ 科技/ 有/ 计算/ 产品/ 吗
A2	跟/ 我/ 说/ 说/ AWS/ 的/ 计算/ 产品
A2	给/ 我/ 讲讲/ 你们/ 公司/ 的/ 计算/ 产品
A2	跟/ 我/ 介绍/ 一下/ 你们/ 公司/ 计算/ 产品
A2	跟/ 我/ 说/ 说/ AWS/ 的/ 云/ 服务/ 服务器/ 务器/ 产品
A2	给/ 我/ 讲讲/ 你们/ 公司/ 的/ 云/ 服务/ 服务器/ 务器/ 产品
A2	跟/ 我/ 介绍/ 一下/ 你们/ 公司/ 云/ 服务/ 服务器/ 务器/ 产品
A2	AWS/ 都/ 有/ 什么/ 云/ 服务/ 服务器/ 务器/ 产品
A2	AWS/ 都/ 提供/ 什么/ 云/ 服务/ 服务器/ 务器/ 产品
A2	你们/ 公司/ 都/ 有/ 什么/ 云/ 服务/ 服务器/ 务器/ 产品
A2	你们/ 公司/ 都/ 提供/ 什么/ 云/ 服务/ 服务器/ 务器/ 产品
A2	AWS/ 都/ 有/ 哪些/ 云/ 服务/ 服务器/ 务器/ 产品
A2	你们/ 公司/ 都/ 有/ 哪些/ 云/ 服务/ 服务器/ 务器/ 产品
A2	你们/ 公司/ 都/ 提供/ 哪些/ 云/ 服务/ 服务器/ 务器/ 产品
A2	你们/ 公司/ 有没有/ 没有/ 云/ 服务/ 服务器/ 务器/ 产品
A2	你们/ 公司/ 有/ 云/ 服务/ 服务器/ 务器/ 产品/ 吗
A2	AWS/ 有没有/ 没有/ 云/ 服务/ 服务器/ 务器/ 产品
A2	AWS/ 有/ 云/ 服务/ 服务器/ 务器/ 产品/ 吗
A2	亚马/ 亚马逊/ 云/ 科技/ 都/ 有/ 什么/ 云/ 服务/ 服务器/ 务器/ 产品
A2	亚马/ 亚马逊/ 云/ 科技/ 都/ 提供/ 什么/ 云/ 服务/ 服务器/ 务器/ 产品
A2	亚马/ 亚马逊/ 云/ 科技/ 都/ 有/ 哪些/ 云/ 服务/ 服务器/ 务器/ 产品
A2	亚马/ 亚马逊/ 云/ 科技/ 有没有/ 没有/ 云/ 服务/ 服务器/ 务器/ 产品
A2	亚马/ 亚马逊/ 云/ 科技/ 有/ 云/ 服务/ 服务器/ 务器/ 产品/ 吗
A2	AWS/ 都/ 有/ 什么/ 云/ 主机/ 产品
A2	AWS/ 都/ 提供/ 什么/ 云/ 主机/ 产品
A2	你们/ 公司/ 都/ 有/ 什么/ 云/ 主机/ 产品
A2	你们/ 公司/ 都/ 提供/ 什么/ 云/ 主机/ 产品
A2	AWS/ 都/ 有/ 哪些/ 云/ 主机/ 产品
A2	你们/ 公司/ 都/ 有/ 哪些/ 云/ 主机/ 产品
A2	你们/ 公司/ 都/ 提供/ 哪些/ 云/ 主机/ 产品
A2	你们/ 公司/ 有没有/ 没有/ 云/ 主机/ 产品
A2	你们/ 公司/ 有/ 云/ 主机/ 产品/ 吗
A2	AWS/ 有没有/ 没有/ 云/ 主机/ 产品
A2	AWS/ 有/ 云/ 主机/ 产品/ 吗
A2	亚马/ 亚马逊/ 云/ 科技/ 都/ 有/ 什么/ 云/ 主机/ 产品
A2	亚马/ 亚马逊/ 云/ 科技/ 都/ 提供/ 什么/ 云/ 主机/ 产品
A2	亚马/ 亚马逊/ 云/ 科技/ 都/ 有/ 哪些/ 云/ 主机/ 产品
A2	亚马/ 亚马逊/ 云/ 科技/ 有没有/ 没有/ 云/ 主机/ 产品
A2	亚马/ 亚马逊/ 云/ 科技/ 有/ 云/ 主机/ 产品/ 吗
A2	跟/ 我/ 说/ 说/ AWS/ 的/ 云/ 主机/ 产品
A2	给/ 我/ 讲讲/ 你们/ 公司/ 的/ 云/ 主机/ 产品
A2	跟/ 我/ 介绍/ 一下/ 你们/ 公司/ 云/ 主机/ 产品
A2	我/ 想/ 了解/ 一下/ AWS/ 的/ 计算/ 产品
A2	我/ 想/ 了解/ 一下/ AWS/ 的/ 云/ 服务/ 服务器/ 务器/ 产品
A2	把/ AWS/ 计算/ 产品/ 的/ 资料/ 文件/ 发/ 我/ 一下
A2	把/ AWS/ 云/ 服务/ 服务器/ 务器/ 产品/ 的/ 资料/ 文件/ 发给/ 我
A2	把/ AWS/ 云/ 服务/ 服务器/ 务器/ 产品/ 的/ 资料/ 文件/ 发到/ 我/ 邮箱
A2	把/ AWS/ 热门/ 的/ 云/ 服务/ 服务器/ 务器/ 产品/ 资料/ 发/ 我/ 邮件
A2	把/ AWS/ 云/ 服务/ 服务器/ 务器/ 产品/ 的/ 说明/ 资料/ 发/ 我/ 一下
A2	把/ AWS/ 计算/ 产品/ 的/ 说明/ 资料/ 发给/ 我
A2	能/ 把/ 计算/ 产品/ 资料/ 邮件/ 发/ 我/ 一下/ 吗
A2	把/ 计算/ 产品/ 资料/ 发/ 我/ 邮箱/ 一下
A2	把/ 亚马/ 亚马逊/ 云/ 科技/ 计算/ 产品/ 的/ 说明/ 资料/ 发到/ 我/ 邮箱
A2	把/ 亚马/ 亚马逊/ 云/ 科技/ 计算/ 产品/ 的/ 说明/ 发/ 我/ 邮件
A2	把/ 亚马/ 亚马逊/ 云/ 科技/ 最新/ 的/ 计算/ 产品/ 文档/ 发/ 我/ 一下
A2	把/ 亚马/ 亚马逊/ 云/ 科技/ 计算/ 产品/ 的/ 文档/ 发给/ 我
A2	把/ 亚马/ 亚马逊/ 云/ 科技/ 计算/ 产品/ 的/ 文档/ 发到/ 我/ 邮箱
A2	把/ 亚马/ 亚马逊/ 云/ 科技/ 计算/ 产品/ 的/ 文档/ 文档资料/ 资料/ 发/ 我/ 邮件
A2	AWS/ 都/ 有/ 什么/ 数据/ 数据库/ 据库/ 产品
A2	AWS/ 都/ 提供/ 什么/ 数据/ 数据库/ 据库/ 产品
A2	你们/ 公司/ 都/ 有/ 什么/ 数据/ 数据库/ 据库/ 产品
A2	你们/ 公司/ 都/ 提供/ 什么/ 数据/ 数据库/ 据库/ 产品
A2	AWS/ 都/ 有/ 哪些/ 数据/ 数据库/ 据库/ 产品
A2	你们/ 公司/ 都/ 有/ 哪些/ 数据/ 数据库/ 据库/ 产品
A2	你们/ 公司/ 都/ 提供/ 哪些/ 数据/ 数据库/ 据库/ 产品
A2	你们/ 公司/ 有没有/ 没有/ 有数/ 数据/ 数据库/ 据库/ 产品
A2	你们/ 公司/ 有数/ 数据/ 数据库/ 据库/ 产品/ 吗
A2	AWS/ 有没有/ 没有/ 有数/ 数据/ 数据库/ 据库/ 产品
A2	AWS/ 有数/ 数据/ 数据库/ 据库/ 产品/ 吗
A2	亚马/ 亚马逊/ 云/ 科技/ 都/ 有/ 什么/ 数据/ 数据库/ 据库/ 产品
A2	亚马/ 亚马逊/ 云/ 科技/ 都/ 提供/ 什么/ 数据/ 数据库/ 据库/ 产品
A2	亚马/ 亚马逊/ 云/ 科技/ 都/ 有/ 哪些/ 数据/ 数据库/ 据库/ 产品
A2	亚马/ 亚马逊/ 云/ 科技/ 有没有/ 没有/ 有数/ 数据/ 数据库/ 据库/ 产品
A2	亚马/ 亚马逊/ 云/ 科技/ 有数/ 数据/ 数据库/ 据库/ 产品/ 吗
A2	跟/ 我/ 说/ 说/ AWS/ 的/ 数据/ 数据库/ 据库/ 产品
A2	给/ 我/ 讲讲/ 你们/ 公司/ 的/ 数据/ 数据库/ 据库/ 产品
A2	跟/ 我/ 介绍/ 一下/ 你们/ 公司/ 数据/ 数据库/ 据库/ 产品
A2	我/ 想/ 了解/ 一下/ AWS/ 的/ 数据/ 数据库/ 据库/ 产品
A2	把/ AWS/ 数据/ 数据库/ 据库/ 产品/ 的/ 资料/ 文件/ 发/ 我/ 一下
A2	把/ AWS/ 数据/ 数据库/ 据库/ 产品/ 的/ 资料/ 文件/ 发给/ 我
A2	把/ AWS/ 数据/ 数据库/ 据库/ 产品/ 的/ 资料/ 文件/ 发到/ 我/ 邮箱
A2	把/ AWS/ 热门/ 的/ 数据/ 数据库/ 据库/ 产品/ 资料/ 发/ 我/ 邮件
A2	把/ AWS/ 数据/ 数据库/ 据库/ 产品/ 的/ 说明/ 资料/ 发/ 我/ 一下
A2	把/ AWS/ 数据/ 数据库/ 据库/ 产品/ 的/ 说明/ 资料/ 发给/ 我
A2	把/ 亚马/ 亚马逊/ 云/ 科技/ 数据/ 数据库/ 据库/ 产品/ 的/ 说明/ 资料/ 发到/ 我/ 邮箱
A2	把/ 亚马/ 亚马逊/ 云/ 科技/ 数据/ 数据库/ 据库/ 产品/ 的/ 说明/ 发/ 我/ 邮件
A2	把/ 亚马/ 亚马逊/ 云/ 科技/ 最新/ 的/ 数据/ 数据库/ 据库/ 产品/ 文档/ 发/ 我/ 一下
A2	把/ 亚马/ 亚马逊/ 云/ 科技/ 数据/ 数据库/ 据库/ 产品/ 的/ 文档/ 发给/ 我
A2	把/ 亚马/ 亚马逊/ 云/ 科技/ 数据/ 数据库/ 据库/ 产品/ 的/ 文档/ 发到/ 我/ 邮箱
A2	把/ 亚马/ 亚马逊/ 云/ 科技/ 数据/ 数据库/ 据库/ 产品/ 的/ 文档/ 文档资料/ 资料/ 发/ 我/ 邮件
A2	可以/ 把/ 数据/ 数据库/ 据库/ 产品/ 的/ 文档/ 发/ 我/ 邮箱/ 吗
A2	我/ 想要/ 要数/ 数据/ 数据库/ 据库/ 产品/ 的/ 资料
A2	能/ 提供/ 一下/ 数据/ 数据库/ 据库/ 产品/ 的/ 文档/ 文档资料/ 资料/ 吗
A2	能/ 提供/ 提供数据/ 数据/ 数据库/ 据库/ 产品/ 的/ 文档/ 吗
A2	能/ 给/ 一下/ 数据/ 数据库/ 据库/ 产品/ 的/ 文件/ 吗/ ，/ 发邮件/ 邮件/ 看看
A2	AWS/ 都/ 有/ 什么/ 存储/ 产品
A2	AWS/ 都/ 提供/ 什么/ 存储/ 产品
A2	你们/ 公司/ 都/ 有/ 什么/ 存储/ 产品
A2	你们/ 公司/ 都/ 提供/ 什么/ 存储/ 产品
A2	AWS/ 都/ 有/ 哪些/ 存储/ 产品
A2	你们/ 公司/ 都/ 有/ 哪些/ 存储/ 产品
A2	你们/ 公司/ 都/ 提供/ 哪些/ 存储/ 产品
A2	你们/ 公司/ 有没有/ 没有/ 存储/ 产品
A2	你们/ 公司/ 有/ 存储/ 产品/ 吗
A2	AWS/ 有没有/ 没有/ 存储/ 产品
A2	AWS/ 有/ 存储/ 产品/ 吗
A2	亚马/ 亚马逊/ 云/ 科技/ 都/ 有/ 什么/ 存储/ 产品
A2	亚马/ 亚马逊/ 云/ 科技/ 都/ 提供/ 什么/ 存储/ 产品
A2	亚马/ 亚马逊/ 云/ 科技/ 都/ 有/ 哪些/ 存储/ 产品
A2	亚马/ 亚马逊/ 云/ 科技/ 有没有/ 没有/ 存储/ 产品
A2	亚马/ 亚马逊/ 云/ 科技/ 有/ 存储/ 产品/ 吗
A2	跟/ 我/ 说/ 说/ AWS/ 的/ 存储/ 产品
A2	给/ 我/ 讲讲/ 你们/ 公司/ 的/ 存储/ 产品
A2	跟/ 我/ 介绍/ 一下/ 你们/ 公司/ 存储/ 产品
A2	有没有/ 没有/ 存储/ 产品/ 的/ word/ 文档/ ，/ 发邮件/ 邮件/ 给/ 我
A2	有没有/ 没有/ PDF/ 格式/ 的/ 存储/ 产品/ 文件
A2	有没有/ 没有/ 存储/ PDF/ 文档/ 格式/ 的/ 产品/ 资料
A2	把/ AWS/ 存储/ 产品/ 的/ 资料/ 文件/ 发/ 我/ 一下
A2	把/ AWS/ 存储/ 产品/ 的/ 资料/ 文件/ 发给/ 我
A2	把/ AWS/ 存储/ 产品/ 的/ 资料/ 文件/ 发到/ 我/ 邮箱
A2	把/ AWS/ 热门/ 的/ 存储/ 产品/ 资料/ 发/ 我/ 邮件
A2	把/ AWS/ 存储/ 产品/ 的/ 说明/ 资料/ 发/ 我/ 一下
A2	把/ AWS/ 存储/ 产品/ 的/ 说明/ 资料/ 发给/ 我
A2	把/ 亚马/ 亚马逊/ 云/ 科技/ 存储/ 产品/ 的/ 说明/ 资料/ 发到/ 我/ 邮箱
A2	把/ 亚马/ 亚马逊/ 云/ 科技/ 存储/ 产品/ 的/ 说明/ 发/ 我/ 邮件
A2	把/ 亚马/ 亚马逊/ 云/ 科技/ 最新/ 的/ 存储/ 产品/ 文档/ 发/ 我/ 一下
A2	把/ 亚马/ 亚马逊/ 云/ 科技/ 存储/ 产品/ 的/ 文档/ 发给/ 我
A2	把/ 亚马/ 亚马逊/ 云/ 科技/ 存储/ 产品/ 的/ 文档/ 发到/ 我/ 邮箱
A2	把/ 亚马/ 亚马逊/ 云/ 科技/ 存储/ 产品/ 的/ 文档/ 文档资料/ 资料/ 发/ 我/ 邮件
A2	AWS/ 都/ 有/ 什么/ 云/ 网络/ 网络产品/ 产品
A2	AWS/ 都/ 提供/ 什么/ 云/ 网络/ 网络产品/ 产品
A2	你们/ 公司/ 都/ 有/ 什么/ 云/ 网络/ 网络产品/ 产品
A2	你们/ 公司/ 都/ 提供/ 什么/ 云/ 网络/ 网络产品/ 产品
A2	AWS/ 都/ 有/ 哪些/ 云/ 网络/ 网络产品/ 产品
A2	你们/ 公司/ 都/ 有/ 哪些/ 云/ 网络/ 网络产品/ 产品
A2	你们/ 公司/ 都/ 提供/ 哪些/ 网络/ 网络产品/ 产品
A2	你们/ 公司/ 有没有/ 没有/ 网络/ 网络产品/ 产品
A2	你们/ 公司/ 有/ 网络/ 网络产品/ 产品/ 吗
A2	AWS/ 有没有/ 没有/ 网络/ 网络产品/ 产品
A2	AWS/ 有/ 网络/ 网络产品/ 产品/ 吗
A2	亚马/ 亚马逊/ 云/ 科技/ 都/ 有/ 什么/ 网络/ 网络产品/ 产品
A2	亚马/ 亚马逊/ 云/ 科技/ 都/ 提供/ 什么/ 网络/ 网络产品/ 产品
A2	亚马/ 亚马逊/ 云/ 科技/ 都/ 有/ 哪些/ 网络/ 网络产品/ 产品
A2	亚马/ 亚马逊/ 云/ 科技/ 有没有/ 没有/ 网络/ 网络产品/ 产品
A2	亚马/ 亚马逊/ 云/ 科技/ 有/ 网络/ 网络产品/ 产品/ 吗
A2	跟/ 我/ 说/ 说/ AWS/ 的/ 网络/ 网络产品/ 产品
A2	给/ 我/ 讲讲/ 你们/ 公司/ 的/ 网络/ 网络产品/ 产品
A2	跟/ 我/ 介绍/ 一下/ 你们/ 公司/ 网络/ 网络产品/ 产品
A2	我/ 想/ 了解/ 一下/ AWS/ 的/ 网络/ 网络产品/ 产品
A2	AWS/ 有没有/ 没有/ 联网/ 服务/ 产品
A2	AWS/ 有/ 联网/ 服务/ 产品/ 吗
A2	亚马/ 亚马逊/ 云/ 科技/ 都/ 有/ 什么/ 联网/ 服务/ 产品
A2	亚马/ 亚马逊/ 云/ 科技/ 都/ 提供/ 什么/ 联网/ 服务/ 产品
A2	亚马/ 亚马逊/ 云/ 科技/ 都/ 有/ 哪些/ 联网/ 服务/ 产品
A2	亚马/ 亚马逊/ 云/ 科技/ 有没有/ 没有/ 联网/ 服务/ 产品
A2	亚马/ 亚马逊/ 云/ 科技/ 有/ 联网/ 服务/ 产品/ 吗
A2	跟/ 我/ 说/ 说/ AWS/ 的/ 联网/ 服务/ 产品
A2	给/ 我/ 讲讲/ 你们/ 公司/ 的/ 联网/ 服务/ 产品
A2	跟/ 我/ 介绍/ 一下/ 你们/ 公司/ 联网/ 服务/ 产品
A2	我/ 想/ 了解/ 一下/ AWS/ 的/ 联网/ 服务/ 产品
A2	把/ AWS/ 云/ 网络/ 网络产品/ 产品/ 的/ 资料/ 文件/ 发/ 我/ 一下
A2	把/ AWS/ 云/ 网络/ 网络产品/ 产品/ 的/ 资料/ 文件/ 发给/ 我
A2	把/ AWS/ 云/ 网络/ 网络产品/ 产品/ 的/ 资料/ 文件/ 发到/ 我/ 邮箱
A2	把/ AWS/ 热门/ 的/ 云/ 网络/ 网络产品/ 产品/ 资料/ 发/ 我/ 邮件
A2	把/ AWS/ 云/ 网络/ 网络产品/ 产品/ 的/ 说明/ 资料/ 发/ 我/ 一下
A2	把/ AWS/ 云/ 网络/ 网络产品/ 产品/ 的/ 说明/ 资料/ 发给/ 我
A2	把/ 亚马/ 亚马逊/ 云/ 科技/ 云/ 网络/ 网络产品/ 产品/ 的/ 说明/ 资料/ 发到/ 我/ 邮箱
A2	把/ 亚马/ 亚马逊/ 云/ 科技/ 云/ 网络/ 网络产品/ 产品/ 的/ 说明/ 发/ 我/ 邮件
A2	把/ 亚马/ 亚马逊/ 云/ 科技/ 最新/ 的/ 云/ 网络/ 网络产品/ 产品/ 文档/ 发/ 我/ 一下
A2	把/ 亚马/ 亚马逊/ 云/ 科技/ 云/ 网络/ 网络产品/ 产品/ 的/ 文档/ 发给/ 我
A2	把/ 亚马/ 亚马逊/ 云/ 科技/ 云/ 网络/ 网络产品/ 产品/ 的/ 文档/ 发到/ 我/ 邮箱
A2	把/ 亚马/ 亚马逊/ 云/ 科技/ 云/ 网络/ 网络产品/ 产品/ 的/ 文档/ 文档资料/ 资料/ 发/ 我/ 邮件
A2	可以/ 把/ 网络/ 网络产品/ 产品/ 的/ 文档/ 发/ 我/ 邮箱/ 吗
A2	我/ 想要/ 网络/ 网络产品/ 产品/ 的/ 资料
A2	能/ 提供/ 一下/ 下网/ 网络/ 网络产品/ 产品/ 的/ 文档/ 文档资料/ 资料/ 吗
A2	能/ 提供/ 网络/ 网络产品/ 产品/ 的/ 文档/ 吗
A2	能/ 给/ 一下/ 下网/ 网络/ 网络产品/ 产品/ 的/ 文件/ 吗/ ，/ 发邮件/ 邮件/ 看看
A2	AWS/ 都/ 有/ 什么/ 机器/ 学习/ 产品
A2	AWS/ 都/ 提供/ 什么/ 机器/ 学习/ 产品
A2	你们/ 公司/ 都/ 有/ 什么/ 机器/ 学习/ 产品
A2	你们/ 公司/ 都/ 提供/ 什么/ 机器/ 学习/ 产品
A2	AWS/ 都/ 有/ 哪些/ 机器/ 学习/ 产品
A2	你们/ 公司/ 都/ 有/ 哪些/ 机器/ 学习/ 产品
A2	你们/ 公司/ 都/ 提供/ 哪些/ 机器/ 学习/ 产品
A2	你们/ 公司/ 有没有/ 没有/ 有机/ 机器/ 学习/ 产品
A2	你们/ 公司/ 有机/ 机器/ 学习/ 产品/ 吗
A2	AWS/ 有没有/ 没有/ 有机/ 机器/ 学习/ 产品
A2	AWS/ 有机/ 机器/ 学习/ 产品/ 吗
A2	亚马/ 亚马逊/ 云/ 科技/ 都/ 有/ 什么/ 机器/ 学习/ 产品
A2	亚马/ 亚马逊/ 云/ 科技/ 都/ 提供/ 什么/ 机器/ 学习/ 产品
A2	亚马/ 亚马逊/ 云/ 科技/ 都/ 有/ 哪些/ 机器/ 学习/ 产品
A2	亚马/ 亚马逊/ 云/ 科技/ 有没有/ 没有/ 有机/ 机器/ 学习/ 产品
A2	亚马/ 亚马逊/ 云/ 科技/ 有机/ 机器/ 学习/ 产品/ 吗
A2	跟/ 我/ 说/ 说/ AWS/ 的/ 机器/ 学习/ 产品
A2	给/ 我/ 讲讲/ 你们/ 公司/ 的/ 机器/ 学习/ 产品
A2	跟/ 我/ 介绍/ 一下/ 你们/ 公司/ 司机/ 机器/ 学习/ 产品
A2	AWS/ 都/ 有/ 什么/ AI/ 产品
A2	AWS/ 都/ 提供/ 什么/ AI/ 产品
A2	你们/ 公司/ 都/ 有/ 什么/ AI/ 产品
A2	你们/ 公司/ 都/ 提供/ 什么/ AI/ 产品
A2	AWS/ 都/ 有/ 哪些/ AI/ 产品
A2	你们/ 公司/ 都/ 有/ 哪些/ AI/ 产品
A2	你们/ 公司/ 都/ 提供/ 哪些/ AI/ 产品
A2	你们/ 公司/ 有没有/ 没有/ AI/ 产品
A2	你们/ 公司/ 有/ AI/ 产品/ 吗
A2	AWS/ 有没有/ 没有/ AI/ 产品
A2	AWS/ 有/ AI/ 产品/ 吗
A2	亚马/ 亚马逊/ 云/ 科技/ 都/ 有/ 什么/ AI/ 产品
A2	亚马/ 亚马逊/ 云/ 科技/ 都/ 提供/ 什么/ AI/ 产品
A2	亚马/ 亚马逊/ 云/ 科技/ 都/ 有/ 哪些/ AI/ 产品
A2	亚马/ 亚马逊/ 云/ 科技/ 有没有/ 没有/ AI/ 产品
A2	亚马/ 亚马逊/ 云/ 科技/ 有/ AI/ 产品/ 吗
A2	跟/ 我/ 说/ 说/ AWS/ 的/ AI/ 产品
A2	给/ 我/ 讲讲/ 你们/ 公司/ 的/ AI/ 产品
A2	跟/ 我/ 介绍/ 一下/ 你们/ 公司/ AI/ 产品
A2	AWS/ 都/ 有/ 什么/ 人工/ 人工智能/ 智能/ 产品
A2	AWS/ 都/ 提供/ 什么/ 人工/ 人工智能/ 智能/ 产品
A2	你们/ 公司/ 都/ 有/ 什么/ 人工/ 人工智能/ 智能/ 产品
A2	你们/ 公司/ 都/ 提供/ 什么/ 人工/ 人工智能/ 智能/ 产品
A2	AWS/ 都/ 有/ 哪些/ 人工/ 人工智能/ 智能/ 产品
A2	你们/ 公司/ 都/ 有/ 哪些/ 人工/ 人工智能/ 智能/ 产品
A2	你们/ 公司/ 都/ 提供/ 哪些/ 人工/ 人工智能/ 智能/ 产品
A2	你们/ 公司/ 有没有/ 没有/ 有人/ 人工/ 人工智能/ 智能/ 产品
A2	你们/ 公司/ 有人/ 人工/ 人工智能/ 智能/ 产品/ 吗
A2	AWS/ 有没有/ 没有/ 有人/ 人工/ 人工智能/ 智能/ 产品
A2	AWS/ 有人/ 人工/ 人工智能/ 智能/ 产品/ 吗
A2	亚马/ 亚马逊/ 云/ 科技/ 都/ 有/ 什么/ 人工/ 人工智能/ 智能/ 产品
A2	亚马/ 亚马逊/ 云/ 科技/ 都/ 提供/ 什么/ 人工/ 人工智能/ 智能/ 产品
A2	亚马/ 亚马逊/ 云/ 科技/ 都/ 有/ 哪些/ 人工/ 人工智能/ 智能/ 产品
A2	亚马/ 亚马逊/ 云/ 科技/ 有没有/ 没有/ 有人/ 人工/ 人工智能/ 智能/ 产品
A2	亚马/ 亚马逊/ 云/ 科技/ 有人/ 人工/ 人工智能/ 智能/ 产品/ 吗
A2	跟/ 我/ 说/ 说/ AWS/ 的/ 人工/ 人工智能/ 智能/ 产品
A2	给/ 我/ 讲讲/ 你们/ 公司/ 的/ 人工/ 人工智能/ 智能/ 产品
A2	跟/ 我/ 介绍/ 一下/ 你们/ 公司/ 人工/ 人工智能/ 智能/ 产品
A2	我/ 想/ 了解/ 一下/ AWS/ 的/ 机器/ 学习/ 产品
A2	把/ AWS/ 机器/ 学习/ 产品/ 的/ 资料/ 文件/ 发/ 我/ 一下
A2	把/ AWS/ 机器/ 学习/ 产品/ 的/ 资料/ 文件/ 发给/ 我
A2	把/ AWS/ 机器/ 学习/ 产品/ 的/ 资料/ 文件/ 发到/ 我/ 邮箱
A2	把/ AWS/ 热门/ 的/ 机器/ 学习/ 产品/ 资料/ 文件/ 发/ 我/ 邮件
A2	把/ AWS/ 机器/ 学习/ 产品/ 的/ 说明/ 资料/ 发/ 我/ 一下
A2	把/ AWS/ 机器/ 学习/ 产品/ 的/ 说明/ 资料/ 发给/ 我
A2	把/ 亚马/ 亚马逊/ 云/ 科技/ 机器/ 学习/ 产品/ 的/ 说明/ 资料/ 发到/ 我/ 邮箱
A2	把/ 亚马/ 亚马逊/ 云/ 科技/ 机器/ 学习/ 产品/ 的/ 说明/ 发/ 我/ 邮件
A2	把/ 亚马/ 亚马逊/ 云/ 科技/ 最新/ 的/ 机器/ 学习/ 产品/ 文档/ 发/ 我/ 一下
A2	把/ 亚马/ 亚马逊/ 云/ 科技/ 机器/ 学习/ 产品/ 的/ 文档/ 发给/ 我
A2	把/ 亚马/ 亚马逊/ 云/ 科技/ 机器/ 学习/ 产品/ 的/ 文档/ 发到/ 我/ 邮箱
A2	把/ 亚马/ 亚马逊/ 云/ 科技/ 机器/ 学习/ 产品/ 的/ 文档/ 文档资料/ 资料/ 发/ 我/ 邮件
A2	可以/ 把/ 机器/ 学习/ 产品/ 的/ 文档/ 发/ 我/ 邮箱/ 吗
A2	我/ 想要/ 机器/ 学习/ 产品/ 的/ 资料
A2	能/ 提供/ 一下/ 下机/ 机器/ 学习/ 产品/ 的/ 文档/ 文档资料/ 资料/ 吗
A2	能/ 提供/ 机器/ 学习/ 产品/ 的/ 文档/ 吗
A2	能/ 给/ 一下/ 下机/ 机器/ 学习/ 产品/ 的/ 文件/ 吗/ ，/ 发邮件/ 邮件/ 看看
A2	AWS/ 都/ 有/ 什么/ 什么游戏/ 游戏/ 技术/ 产品
A2	AWS/ 都/ 提供/ 什么/ 什么游戏/ 游戏/ 技术/ 产品
A2	你们/ 公司/ 都/ 有/ 什么/ 什么游戏/ 游戏/ 技术/ 产品
A2	你们/ 公司/ 都/ 提供/ 什么/ 什么游戏/ 游戏/ 技术/ 产品
A2	AWS/ 都/ 有/ 哪些/ 游戏/ 技术/ 产品
A2	你们/ 公司/ 都/ 有/ 哪些/ 游戏/ 技术/ 产品
A2	你们/ 公司/ 都/ 提供/ 哪些/ 游戏/ 技术/ 产品
A2	你们/ 公司/ 有没有/ 没有/ 游戏/ 技术/ 产品
A2	你们/ 公司/ 有/ 游戏/ 技术/ 产品/ 吗
A2	AWS/ 有没有/ 没有/ 游戏/ 技术/ 产品
A2	AWS/ 有/ 游戏/ 技术/ 产品/ 吗
A2	亚马/ 亚马逊/ 云/ 科技/ 都/ 有/ 什么/ 什么游戏/ 游戏/ 技术/ 产品
A2	亚马/ 亚马逊/ 云/ 科技/ 都/ 提供/ 什么/ 什么游戏/ 游戏/ 技术/ 产品
A2	亚马/ 亚马逊/ 云/ 科技/ 都/ 有/ 哪些/ 游戏/ 技术/ 产品
A2	亚马/ 亚马逊/ 云/ 科技/ 有没有/ 没有/ 游戏/ 技术/ 产品
A2	亚马/ 亚马逊/ 云/ 科技/ 有/ 游戏/ 技术/ 产品/ 吗
A2	跟/ 我/ 说/ 说/ AWS/ 的/ 游戏/ 技术/ 产品
A2	给/ 我/ 讲讲/ 你们/ 公司/ 的/ 游戏/ 技术/ 产品
A2	跟/ 我/ 介绍/ 一下/ 你们/ 公司/ 游戏/ 技术/ 产品
A2	我/ 想/ 了解/ 一下/ AWS/ 的/ 游戏/ 技术/ 产品
A2	把/ AWS/ 游戏/ 技术/ 产品/ 的/ 资料/ 文件/ 发/ 我/ 一下
A2	把/ AWS/ 游戏/ 技术/ 产品/ 的/ 资料/ 文件/ 发给/ 我
A2	把/ AWS/ 游戏/ 技术/ 产品/ 的/ 资料/ 文件/ 发到/ 我/ 邮箱
A2	把/ AWS/ 热门/ 的/ 游戏/ 技术/ 产品/ 资料/ 发/ 我/ 邮件
A2	把/ AWS/ 游戏/ 技术/ 产品/ 的/ 说明/ 资料/ 发/ 我/ 一下
A2	把/ AWS/ 游戏/ 技术/ 产品/ 的/ 说明/ 资料/ 发给/ 我
A2	把/ 亚马/ 亚马逊/ 云/ 科技/ 游戏/ 技术/ 产品/ 的/ 说明/ 资料/ 发到/ 我/ 邮箱
A2	把/ 亚马/ 亚马逊/ 云/ 科技/ 游戏/ 技术/ 产品/ 的/ 说明/ 发/ 我/ 邮件
A2	把/ 亚马/ 亚马逊/ 云/ 科技/ 最新/ 的/ 游戏/ 技术/ 产品/ 文档/ 发/ 我/ 一下
A2	把/ 亚马/ 亚马逊/ 云/ 科技/ 游戏/ 技术/ 产品/ 的/ 文档/ 发给/ 我
A2	把/ 亚马/ 亚马逊/ 云/ 科技/ 游戏/ 技术/ 产品/ 的/ 文档/ 发到/ 我/ 邮箱
A2	把/ 亚马/ 亚马逊/ 云/ 科技/ 游戏/ 技术/ 产品/ 的/ 文档/ 文档资料/ 资料/ 发/ 我/ 邮件
A2	可以/ 把/ 游戏/ 技术/ 产品/ 的/ 文档/ 发/ 我/ 邮箱/ 吗
A2	我/ 想要/ 游戏/ 技术/ 产品/ 的/ 资料
A2	能/ 提供/ 一下/ 下游/ 游戏/ 技术/ 产品/ 的/ 文档/ 文档资料/ 资料/ 吗
A2	能/ 提供/ 游戏/ 技术/ 产品/ 的/ 文档/ 吗
A2	能/ 给/ 一下/ 下游/ 游戏/ 技术/ 产品/ 的/ 文件/ 吗/ ，/ 发邮件/ 邮件/ 看看
A2	AWS/ 都/ 有/ 什么/ 云安/ 安全/ 产品
A2	AWS/ 都/ 提供/ 什么/ 云安/ 安全/ 产品
A2	你们/ 公司/ 都/ 有/ 什么/ 云安/ 安全/ 产品
A2	你们/ 公司/ 都/ 提供/ 什么/ 云安/ 安全/ 产品
A2	AWS/ 都/ 有/ 哪些/ 云安/ 安全/ 产品
A2	你们/ 公司/ 都/ 有/ 哪些/ 云安/ 安全/ 产品
A2	你们/ 公司/ 都/ 提供/ 哪些/ 云安/ 安全/ 产品
A2	你们/ 公司/ 有没有/ 没有/ 云安/ 安全/ 产品
A2	你们/ 公司/ 有/ 云安/ 安全/ 产品/ 吗
A2	AWS/ 有没有/ 没有/ 云安/ 安全/ 产品
A2	AWS/ 有/ 云安/ 安全/ 产品/ 吗
A2	亚马/ 亚马逊/ 云/ 科技/ 都/ 有/ 什么/ 安全/ 保护/ 护产/ 产品
A2	亚马/ 亚马逊/ 云/ 科技/ 都/ 提供/ 什么/ 安全/ 保护/ 护产/ 产品
A2	亚马/ 亚马逊/ 云/ 科技/ 都/ 有/ 哪些/ 安全/ 保护/ 护产/ 产品
A2	亚马/ 亚马逊/ 云/ 科技/ 有没有/ 没有/ 安全/ 保护/ 护产/ 产品
A2	亚马/ 亚马逊/ 云/ 科技/ 有/ 安全/ 保护/ 护产/ 产品/ 吗
A2	跟/ 我/ 说/ 说/ AWS/ 的/ 安全/ 保护/ 护产/ 产品
A2	给/ 我/ 讲讲/ 你们/ 公司/ 的/ 安全/ 保护/ 护产/ 产品
A2	跟/ 我/ 介绍/ 一下/ 你们/ 公司/ 安全/ 保护/ 护产/ 产品
A2	我/ 想/ 了解/ 一下/ AWS/ 的/ 安全/ 保护/ 护产/ 产品
A2	AWS/ 都/ 有/ 什么/ 身份/ 管理/ 产品
A2	AWS/ 都/ 提供/ 什么/ 身份/ 管理/ 产品
A2	你们/ 公司/ 都/ 有/ 什么/ 身份/ 管理/ 产品
A2	你们/ 公司/ 都/ 提供/ 什么/ 身份/ 管理/ 产品
A2	AWS/ 都/ 有/ 哪些/ 身份/ 管理/ 产品
A2	你们/ 公司/ 都/ 有/ 哪些/ 数据/ 数据保护/ 保护/ 护产/ 产品
A2	你们/ 公司/ 都/ 提供/ 哪些/ 数据/ 数据保护/ 保护/ 护产/ 产品
A2	你们/ 公司/ 有没有/ 没有/ 有数/ 数据/ 数据保护/ 保护/ 护产/ 产品
A2	你们/ 公司/ 有数/ 数据/ 数据保护/ 保护/ 护产/ 产品/ 吗
A2	AWS/ 有没有/ 没有/ 有数/ 数据/ 数据保护/ 保护/ 护产/ 产品
A2	AWS/ 有数/ 数据/ 数据保护/ 保护/ 护产/ 产品/ 吗
A2	亚马/ 亚马逊/ 云/ 科技/ 都/ 有/ 什么/ 数据/ 数据安全/ 安全/ 产品
A2	亚马/ 亚马逊/ 云/ 科技/ 都/ 提供/ 什么/ 数据/ 数据安全/ 安全/ 产品
A2	亚马/ 亚马逊/ 云/ 科技/ 都/ 有/ 哪些/ 数据/ 数据安全/ 安全/ 产品
A2	亚马/ 亚马逊/ 云/ 科技/ 有没有/ 没有/ 有数/ 数据/ 数据安全/ 安全/ 产品
A2	亚马/ 亚马逊/ 云/ 科技/ 有数/ 数据/ 数据安全/ 安全/ 产品/ 吗
A2	跟/ 我/ 说/ 说/ AWS/ 的/ 数据/ 数据安全/ 安全/ 产品
A2	给/ 我/ 讲讲/ 你们/ 公司/ 的/ 数据/ 数据安全/ 安全/ 产品
A2	跟/ 我/ 介绍/ 一下/ 你们/ 公司/ 数据/ 数据安全/ 安全/ 产品
A2	我/ 想/ 了解/ 一下/ AWS/ 的/ 数据/ 数据安全/ 安全/ 产品
A2	AWS/ 都/ 有/ 什么/ 安全/ 管理/ 产品
A2	AWS/ 都/ 提供/ 什么/ 安全/ 管理/ 产品
A2	你们/ 公司/ 都/ 有/ 什么/ 安全/ 管理/ 产品
A2	你们/ 公司/ 都/ 提供/ 什么/ 安全/ 管理/ 产品
A2	AWS/ 都/ 有/ 哪些/ 安全/ 管理/ 产品
A2	你们/ 公司/ 都/ 有/ 哪些/ 安全/ 管理/ 产品
A2	你们/ 公司/ 都/ 提供/ 哪些/ 安全/ 管理/ 产品
A2	你们/ 公司/ 有没有/ 没有/ 风险/ 风险管理/ 管理/ 产品
A2	你们/ 公司/ 有/ 风险/ 风险管理/ 管理/ 产品/ 吗
A2	AWS/ 有没有/ 没有/ 风险/ 风险管理/ 管理/ 产品
A2	AWS/ 有/ 风险/ 风险管理/ 管理/ 产品/ 吗
A2	亚马/ 亚马逊/ 云/ 科技/ 都/ 有/ 什么/ 风险/ 风险管理/ 管理/ 产品
A2	亚马/ 亚马逊/ 云/ 科技/ 都/ 提供/ 什么/ 风险/ 风险管理/ 管理/ 产品
A2	亚马/ 亚马逊/ 云/ 科技/ 都/ 有/ 哪些/ 风险/ 风险管理/ 管理/ 产品
A2	亚马/ 亚马逊/ 云/ 科技/ 有没有/ 没有/ 风险/ 风险管理/ 管理/ 产品
A2	亚马/ 亚马逊/ 云/ 科技/ 有/ 风险/ 风险管理/ 管理/ 产品/ 吗
A2	跟/ 我/ 说/ 说/ AWS/ 的/ 风险/ 风险管理/ 管理/ 产品
A2	给/ 我/ 讲讲/ 你们/ 公司/ 的/ 风险/ 风险管理/ 管理/ 产品
A2	跟/ 我/ 介绍/ 一下/ 你们/ 公司/ 风险/ 风险管理/ 管理/ 产品
A2	我/ 想/ 了解/ 一下/ AWS/ 的/ 风险/ 风险管理/ 管理/ 产品
A2	AWS/ 都/ 有/ 什么/ 应用/ 安全/ 产品
A2	AWS/ 都/ 提供/ 什么/ 应用/ 安全/ 产品
A2	你们/ 公司/ 都/ 有/ 什么/ 应用/ 安全/ 产品
A2	你们/ 公司/ 都/ 提供/ 什么/ 应用/ 安全/ 产品
A2	AWS/ 都/ 有/ 哪些/ 应用/ 安全/ 产品
A2	你们/ 公司/ 都/ 有/ 哪些/ 应用/ 安全/ 产品
A2	你们/ 公司/ 都/ 提供/ 哪些/ 应用/ 安全/ 产品
A2	你们/ 公司/ 有没有/ 没有/ 应用/ 安全/ 产品
A2	你们/ 公司/ 有/ 应用/ 保护/ 护产/ 产品/ 吗
A2	AWS/ 有没有/ 没有/ 应用/ 保护/ 护产/ 产品
A2	AWS/ 有/ 应用/ 保护/ 护产/ 产品/ 吗
A2	亚马/ 亚马逊/ 云/ 科技/ 都/ 有/ 什么/ 应用/ 保护/ 护产/ 产品
A2	亚马/ 亚马逊/ 云/ 科技/ 都/ 提供/ 什么/ 应用/ 保护/ 护产/ 产品
A2	亚马/ 亚马逊/ 云/ 科技/ 都/ 有/ 哪些/ 合规/ 合规性/ 产品
A2	亚马/ 亚马逊/ 云/ 科技/ 有没有/ 没有/ 合规/ 合规性/ 产品
A2	亚马/ 亚马逊/ 云/ 科技/ 有/ 合规/ 合规性/ 产品/ 吗
A2	跟/ 我/ 说/ 说/ AWS/ 的/ 合规/ 合规性/ 产品
A2	给/ 我/ 讲讲/ 你们/ 公司/ 的/ 合规/ 合规性/ 产品
A2	跟/ 我/ 介绍/ 一下/ 你们/ 公司/ 合规/ 合规性/ 产品
A2	我/ 想/ 了解/ 一下/ AWS/ 的/ 合规/ 合规性/ 产品
A2	把/ AWS/ 安全/ 产品/ 的/ 资料/ 文件/ 发/ 我/ 一下
A2	把/ AWS/ 安全/ 产品/ 的/ 资料/ 文件/ 发给/ 我
A2	把/ AWS/ 安全/ 产品/ 的/ 资料/ 文件/ 发到/ 我/ 邮箱
A2	把/ AWS/ 热门/ 的/ 安全/ 产品/ 资料/ 发/ 我/ 邮件
A2	把/ AWS/ 安全/ 产品/ 的/ 说明/ 资料/ 发/ 我/ 一下
A2	把/ AWS/ 安全/ 产品/ 的/ 说明/ 资料/ 发给/ 我
A2	把/ 亚马/ 亚马逊/ 云/ 科技/ 安全/ 产品/ 的/ 说明/ 资料/ 发到/ 我/ 邮箱
A2	把/ 亚马/ 亚马逊/ 云/ 科技/ 安全/ 产品/ 的/ 说明/ 发/ 我/ 邮件
A2	把/ 亚马/ 亚马逊/ 云/ 科技/ 最新/ 的/ 安全/ 产品/ 文档/ 发/ 我/ 一下
A2	把/ 亚马/ 亚马逊/ 云/ 科技/ 安全/ 产品/ 的/ 文档/ 发给/ 我
A2	把/ 亚马/ 亚马逊/ 云/ 科技/ 安全/ 产品/ 的/ 文档/ 发到/ 我/ 邮箱
A2	把/ 亚马/ 亚马逊/ 云/ 科技/ 安全/ 产品/ 的/ 文档/ 文档资料/ 资料/ 发/ 我/ 邮件
A2	可以/ 把/ 安全/ 管理/ 、/ 身份/ 、/ 权限/ 管理/ 产品/ 的/ 文档/ 发/ 我/ 邮箱/ 吗
A2	我/ 想要/ 安全/ 管理/ 、/ 身份/ 、/ 权限/ 管理/ 产品/ 的/ 资料
A2	能/ 提供/ 一下/ 安全/ 管理/ 、/ 身份/ 、/ 权限/ 管理/ 产品/ 的/ 文档/ 文档资料/ 资料/ 吗
A2	能/ 提供/ 安全/ 管理/ 、/ 身份/ 、/ 权限/ 管理/ 产品/ 的/ 文档/ 吗
A2	能/ 给/ 一下/ 安全/ 管理/ 、/ 身份/ 、/ 权限/ 管理/ 产品/ 的/ 文件/ 吗/ ，/ 发邮件/ 邮件/ 看看
A2	AWS/ 都/ 有/ 什么/ 解决/ 解决方案/ 方案
A2	AWS/ 都/ 提供/ 什么/ 解决/ 解决方案/ 方案
A2	你们/ 公司/ 都/ 有/ 什么/ 解决/ 解决方案/ 方案
A2	你们/ 公司/ 都/ 提供/ 什么/ 解决/ 解决方案/ 方案
A2	AWS/ 都/ 有/ 哪些/ 解决/ 解决方案/ 方案
A2	AWS/ 都/ 提供/ 哪些/ 解决/ 解决方案/ 方案
A2	你们/ 公司/ 都/ 有/ 哪些/ 解决/ 解决方案/ 方案
A2	你们/ 公司/ 都/ 提供/ 哪些/ 解决/ 解决方案/ 方案
A2	AWS/ 都/ 有/ 啥/ 解决/ 解决方案/ 方案
A2	AWS/ 都/ 提供/ 啥/ 解决/ 解决方案/ 方案
A2	你们/ 公司/ 都/ 有/ 啥/ 解决/ 解决方案/ 方案
A2	你们/ 公司/ 都/ 提供/ 啥/ 解决/ 解决方案/ 方案
A2	跟/ 我/ 说/ 说/ AWS/ 的/ 解决/ 解决方案/ 方案
A2	给/ 我/ 讲讲/ AWS/ 的/ 解决/ 解决方案/ 方案
A2	介绍/ 一下/ AWS/ 的/ 解决/ 解决方案/ 方案
A2	我/ 想/ 了解/ 一下/ AWS/ 的/ 解决/ 解决方案/ 方案
A2	AWS/ 有/ 哪些/ 热门/ 的/ 企业/ 解决/ 解决方案/ 方案
A2	AWS/ 有/ 什么/ 热门/ 的/ 企业/ 解决/ 解决方案/ 方案
A2	介绍/ 一下/ AWS/ 针对/ 初创/ 公司/ 的/ 解决/ 解决方案/ 方案
A2	把/ AWS/ 针对/ 初创/ 公司/ 的/ 解决/ 解决方案/ 方案/ 资料/ 发给/ 我
A2	给/ 我/ 说/ 说/ AWS/ 关于/ 公共/ 公共部门/ 部门/ 的/ 解决/ 解决方案/ 方案
A2	把/ AWS/ 解决/ 解决方案/ 方案/ 的/ 资料/ 文件/ 发/ 我/ 一下
A2	把/ AWS/ 解决/ 解决方案/ 方案/ 的/ 资料/ 文件/ 发给/ 我
A2	把/ AWS/ 解决/ 解决方案/ 方案/ 的/ 资料/ 文件/ 发到/ 我/ 邮箱
A2	把/ AWS/ 热门/ 的/ 解决/ 解决方案/ 方案/ 资料/ 文件/ 发/ 我/ 邮件
A2	把/ AWS/ 解决/ 解决方案/ 方案/ 的/ 说明/ 资料/ 发/ 我/ 一下
A2	把/ AWS/ 解决/ 解决方案/ 方案/ 的/ 说明/ 资料/ 发给/ 我
A2	把/ 亚马/ 亚马逊/ 云/ 科技/ 解决/ 解决方案/ 方案/ 的/ 说明/ 资料/ 发到/ 我/ 邮箱
A2	把/ 亚马/ 亚马逊/ 云/ 科技/ 解决/ 解决方案/ 方案/ 的/ 说明/ 发/ 我/ 邮件
A2	把/ 亚马/ 亚马逊/ 云/ 科技/ 最新/ 的/ 解决/ 解决方案/ 方案/ 文档/ 发/ 我/ 一下
A2	把/ 亚马/ 亚马逊/ 云/ 科技/ 解决/ 解决方案/ 方案/ 的/ 文档/ 发给/ 我
A2	把/ 亚马/ 亚马逊/ 云/ 科技/ 解决/ 解决方案/ 方案/ 的/ 文档/ 发到/ 我/ 邮箱
A2	把/ 亚马/ 亚马逊/ 云/ 科技/ 解决/ 解决方案/ 方案/ 的/ 文档/ 文档资料/ 资料/ 发/ 我/ 邮件
A2	AWS/ 有/ 什么/ 技术/ 方案
A2	AWS/ 有/ 哪些/ 技术/ 解决/ 解决方案/ 方案
A2	AWS/ 有/ 什么/ 热门/ 的/ 使用/ 案例/ 解决/ 解决方案/ 方案
A2	AWS/ 哪些/ 热门/ 的/ 使用/ 案例/ 解决/ 解决方案/ 方案
A2	亚马/ 亚马逊/ 云/ 科技/ 什么/ 热门/ 的/ 技术/ 方案
A2	亚马/ 亚马逊/ 云/ 科技/ 有/ 什么/ 最新/ 的/ 技术/ 解决/ 解决方案/ 方案
A2	亚马/ 亚马逊/ 云/ 科技/ 有/ 哪些/ 最新/ 的/ 技术/ 解决/ 解决方案/ 方案
A2	AWS/ 都/ 有/ 什么/ 人工/ 人工智能/ 智能/ 与/ 机器/ 学习/ 的/ 解决/ 解决方案/ 方案
A2	AWS/ 都/ 提供/ 什么/ 人工/ 人工智能/ 智能/ 与/ 机器/ 学习/ 的/ 解决/ 解决方案/ 方案
A2	你们/ 公司/ 有没有/ 没有/ 有人/ 人工/ 人工智能/ 智能/ 与/ 机器/ 学习/ 的/ 解决/ 解决方案/ 方案
A2	你们/ 公司/ 有人/ 人工/ 人工智能/ 智能/ 与/ 机器/ 学习/ 的/ 解决/ 解决方案/ 方案/ 吗
A2	AWS/ 有没有/ 没有/ 有人/ 人工/ 人工智能/ 智能/ 与/ 机器/ 学习/ 的/ 解决/ 解决方案/ 方案
A2	AWS/ 有人/ 人工/ 人工智能/ 智能/ 与/ 机器/ 学习/ 的/ 解决/ 解决方案/ 方案/ 吗
A2	介绍/ 一下/ AWS/ 数据/ 数据安全/ 安全/ 的/ 解决/ 解决方案/ 方案
A2	亚马/ 亚马逊/ 云/ 科技/ 都/ 提供/ 什么/ 数据/ 数据安全/ 安全/ 的/ 解决/ 解决方案/ 方案
A2	亚马/ 亚马逊/ 云/ 科技/ 都/ 有/ 哪些/ 数据/ 数据安全/ 安全/ 的/ 解决/ 解决方案/ 方案
A2	亚马/ 亚马逊/ 云/ 科技/ 有没有/ 没有/ 有数/ 数据/ 数据安全/ 安全/ 的/ 解决/ 解决方案/ 方案
A2	亚马/ 亚马逊/ 云/ 科技/ 有数/ 数据/ 数据安全/ 安全/ 的/ 解决/ 解决方案/ 方案/ 吗
A2	跟/ 我/ 说/ 说/ AWS/ 数据/ 数据安全/ 安全/ 的/ 解决/ 解决方案/ 方案
A2	给/ 我/ 讲讲/ AWS/ 数据/ 数据安全/ 安全/ 的/ 解决/ 解决方案/ 方案
A2	AWS/ 都/ 有/ 什么/ AI/ 解决/ 解决方案/ 方案
A2	AWS/ 都/ 提供/ 什么/ AI/ 解决/ 解决方案/ 方案
A2	你们/ 公司/ 都/ 有/ 什么/ AI/ 解决/ 解决方案/ 方案
A2	你们/ 公司/ 都/ 提供/ 什么/ AI/ 解决/ 解决方案/ 方案
A2	AWS/ 都/ 有/ 哪些/ AI/ 解决/ 解决方案/ 方案
A2	亚马/ 亚马逊/ 云/ 科技/ 都/ 有/ 哪些/ 数据/ 数据库/ 据库/ 解决/ 解决方案/ 方案
A2	亚马/ 亚马逊/ 云/ 科技/ 有没有/ 没有/ 有数/ 数据/ 数据库/ 据库/ 解决/ 解决方案/ 方案
A2	亚马/ 亚马逊/ 云/ 科技/ 有数/ 数据/ 数据库/ 据库/ 解决/ 解决方案/ 方案/ 吗
A2	跟/ 我/ 说/ 说/ AWS/ 的/ 数据/ 数据库/ 据库/ 解决/ 解决方案/ 方案
A2	给/ 我/ 讲讲/ AWS/ 的/ 数据/ 数据库/ 据库/ 解决/ 解决方案/ 方案
A2	介绍/ 一下/ AWS/ 的/ AI/ 解决/ 解决方案/ 方案
A2	AWS/ 都/ 有/ 什么/ 迁移/ 上/ 云/ 的/ 解决/ 解决方案/ 方案
A2	AWS/ 都/ 提供/ 什么/ 迁移/ 上/ 云/ 的/ 解决/ 解决方案/ 方案
A2	你们/ 公司/ 都/ 有/ 什么/ 迁移/ 上/ 云/ 的/ 解决/ 解决方案/ 方案
A2	AWS/ 有没有/ 没有/ 迁移/ 上/ 云/ 的/ 解决/ 解决方案/ 方案
A2	AWS/ 有/ 迁移/ 上/ 云/ 的/ 解决/ 解决方案/ 方案/ 吗
A2	亚马/ 亚马逊/ 云/ 科技/ 都/ 有/ 什么/ 迁移/ 上/ 云/ 的/ 解决/ 解决方案/ 方案
A2	亚马/ 亚马逊/ 云/ 科技/ 都/ 提供/ 什么/ 迁移/ 上/ 云/ 的/ 解决/ 解决方案/ 方案
A2	亚马/ 亚马逊/ 云/ 科技/ 都/ 有/ 哪些/ 迁移/ 上/ 云/ 的/ 解决/ 解决方案/ 方案
A2	亚马/ 亚马逊/ 云/ 科技/ 有没有/ 没有/ 迁移/ 上/ 云/ 的/ 解决/ 解决方案/ 方案
A2	亚马/ 亚马逊/ 云/ 科技/ 有/ 迁移/ 上/ 云/ 的/ 解决/ 解决方案/ 方案/ 吗
A2	跟/ 我/ 说/ 说/ AWS/ 迁移/ 上/ 云/ 的/ 解决/ 解决方案/ 方案
A2	给/ 我/ 讲讲/ AWS/ 迁移/ 上/ 云/ 的/ 解决/ 解决方案/ 方案
A2	介绍/ 一下/ AWS/ 迁移/ 上/ 云/ 的/ 解决/ 解决方案/ 方案
A2	AWS/ 都/ 有/ 什么/ 企业/ 上/ 云/ 的/ 解决/ 解决方案/ 方案
A2	AWS/ 都/ 提供/ 什么/ 企业/ 上/ 云/ 的/ 解决/ 解决方案/ 方案
A2	你们/ 公司/ 都/ 有/ 什么/ 企业/ 上/ 云/ 的/ 解决/ 解决方案/ 方案
A2	你们/ 公司/ 都/ 提供/ 什么/ 企业/ 上/ 云/ 的/ 解决/ 解决方案/ 方案
A2	亚马/ 亚马逊/ 云/ 科技/ 都/ 有/ 哪些/ 企业/ 上/ 云/ 的/ 解决/ 解决方案/ 方案
A2	亚马/ 亚马逊/ 云/ 科技/ 有没有/ 没有/ 企业/ 上/ 云/ 的/ 解决/ 解决方案/ 方案
A2	亚马/ 亚马逊/ 云/ 科技/ 有/ 企业/ 上/ 云/ 的/ 解决/ 解决方案/ 方案/ 吗
A2	跟/ 我/ 说/ 说/ AWS/ 企业/ 上/ 云/ 的/ 解决/ 解决方案/ 方案
A2	给/ 我/ 讲讲/ AWS/ 企业/ 上/ 云/ 的/ 解决/ 解决方案/ 方案
A2	介绍/ 一下/ AWS/ 企业/ 上/ 云/ 的/ 解决/ 解决方案/ 方案
A2	AWS/ 都/ 有/ 什么/ 云/ 迁移/ 的/ 解决/ 解决方案/ 方案
A2	AWS/ 都/ 提供/ 什么/ 云/ 迁移/ 的/ 解决/ 解决方案/ 方案
A2	你们/ 公司/ 都/ 有/ 什么/ 云/ 迁移/ 的/ 解决/ 解决方案/ 方案
A2	你们/ 公司/ 都/ 提供/ 什么/ 云/ 迁移/ 的/ 解决/ 解决方案/ 方案
A2	AWS/ 都/ 有/ 哪些/ 云/ 迁移/ 的/ 解决/ 解决方案/ 方案
A2	你们/ 公司/ 都/ 有/ 哪些/ 云/ 迁移/ 的/ 解决/ 解决方案/ 方案
A2	你们/ 公司/ 都/ 提供/ 哪些/ 云/ 迁移/ 的/ 解决/ 解决方案/ 方案
A2	你们/ 公司/ 有没有/ 没有/ 云/ 迁移/ 的/ 解决/ 解决方案/ 方案
A2	你们/ 公司/ 有/ 云/ 迁移/ 的/ 解决/ 解决方案/ 方案/ 吗
A2	AWS/ 有没有/ 没有/ 开发/ 发运/ 运营/ 的/ 解决/ 解决方案/ 方案
A2	AWS/ 有/ 开发/ 发运/ 运营/ 的/ 解决/ 解决方案/ 方案/ 吗
A2	亚马/ 亚马逊/ 云/ 科技/ 都/ 有/ 什么/ 开发/ 发运/ 运营/ 的/ 解决/ 解决方案/ 方案
A2	介绍/ 一下/ AWS/ 云/ 迁移/ 的/ 解决/ 解决方案/ 方案
A2	我/ 想/ 了解/ 一下/ AWS/ 迁移/ 上/ 云/ 的/ 解决/ 解决方案/ 方案
A2	AWS/ 都/ 有/ 什么/ 数据/ 数据分析/ 分析/ 现代/ 现代化/ 的/ 解决/ 解决方案/ 方案
A2	AWS/ 都/ 提供/ 什么/ 数据/ 数据分析/ 分析/ 现代/ 现代化/ 的/ 解决/ 解决方案/ 方案
A2	你们/ 公司/ 都/ 有/ 什么/ 数据/ 数据分析/ 分析/ 现代/ 现代化/ 的/ 解决/ 解决方案/ 方案
A2	你们/ 公司/ 都/ 提供/ 什么/ 数据/ 数据分析/ 分析/ 现代/ 现代化/ 的/ 解决/ 解决方案/ 方案
A2	AWS/ 都/ 有/ 哪些/ 数据/ 数据分析/ 分析/ 现代/ 现代化/ 的/ 解决/ 解决方案/ 方案
A2	你们/ 公司/ 都/ 有/ 哪些/ 数据/ 数据分析/ 分析/ 现代/ 现代化/ 的/ 解决/ 解决方案/ 方案
A2	你们/ 公司/ 都/ 提供/ 哪些/ 数据/ 数据分析/ 分析/ 现代/ 现代化/ 的/ 解决/ 解决方案/ 方案
A2	你们/ 公司/ 有没有/ 没有/ 有数/ 数据/ 数据分析/ 分析/ 现代/ 现代化/ 的/ 解决/ 解决方案/ 方案
A2	你们/ 公司/ 有数/ 数据/ 数据分析/ 分析/ 现代/ 现代化/ 的/ 解决/ 解决方案/ 方案/ 吗
A2	AWS/ 有没有/ 没有/ 有数/ 数据/ 数据分析/ 分析/ 现代/ 现代化/ 的/ 解决/ 解决方案/ 方案
A2	AWS/ 有数/ 数据/ 数据分析/ 分析/ 现代/ 现代化/ 的/ 解决/ 解决方案/ 方案/ 吗
A2	亚马/ 亚马逊/ 云/ 科技/ 都/ 有/ 什么/ 数据/ 数据分析/ 分析/ 现代/ 现代化/ 的/ 解决/ 解决方案/ 方案
A2	给/ 我/ 讲讲/ AWS/ 数据/ 数据分析/ 分析/ 现代/ 现代化/ 的/ 解决/ 解决方案/ 方案
A2	介绍/ 一下/ AWS/ 数据/ 数据分析/ 分析/ 现代/ 现代化/ 的/ 解决/ 解决方案/ 方案
A2	我/ 想/ 了解/ 一下/ AWS/ 数据/ 数据分析/ 分析/ 现代/ 现代化/ 的/ 解决/ 解决方案/ 方案
A2	AWS/ 都/ 有/ 什么/ 现代/ 应用/ 开发/ 的/ 解决/ 解决方案/ 方案
A2	AWS/ 都/ 提供/ 什么/ 开发/ 发运/ 运营/ 的/ 解决/ 解决方案/ 方案
A2	你们/ 公司/ 都/ 有/ 什么/ 开发/ 发运/ 运营/ 的/ 解决/ 解决方案/ 方案
A2	你们/ 公司/ 都/ 提供/ 什么/ 开发/ 发运/ 运营/ 的/ 解决/ 解决方案/ 方案
A2	AWS/ 都/ 有/ 哪些/ 开发/ 发运/ 运营/ 的/ 解决/ 解决方案/ 方案
A2	你们/ 公司/ 都/ 有/ 哪些/ 现代/ 应用/ 开发/ 的/ 解决/ 解决方案/ 方案
A2	你们/ 公司/ 都/ 提供/ 哪些/ 现代/ 应用/ 开发/ 的/ 解决/ 解决方案/ 方案
A2	你们/ 公司/ 有没有/ 没有/ 现代/ 应用/ 开发/ 的/ 解决/ 解决方案/ 方案
A2	你们/ 公司/ 有/ 现代/ 应用/ 开发/ 的/ 解决/ 解决方案/ 方案/ 吗
A2	AWS/ 有没有/ 没有/ 现代/ 应用/ 开发/ 的/ 解决/ 解决方案/ 方案
A2	AWS/ 有/ 现代/ 应用/ 开发/ 的/ 解决/ 解决方案/ 方案/ 吗
A2	亚马/ 亚马逊/ 云/ 科技/ 都/ 有/ 什么/ 现代/ 应用/ 开发/ 的/ 解决/ 解决方案/ 方案
A2	给/ 我/ 讲讲/ AWS/ 现代/ 应用/ 开发/ 的/ 解决/ 解决方案/ 方案
A2	介绍/ 一下/ AWS/ 现代/ 应用/ 开发/ 的/ 解决/ 解决方案/ 方案
A2	AWS/ 都/ 有/ 什么/ 程序/ 程序开发/ 开发/ 的/ 解决/ 解决方案/ 方案
A2	AWS/ 都/ 提供/ 什么/ 程序/ 程序开发/ 开发/ 的/ 解决/ 解决方案/ 方案
A2	你们/ 公司/ 都/ 有/ 什么/ 程序/ 程序开发/ 开发/ 的/ 解决/ 解决方案/ 方案
A2	你们/ 公司/ 都/ 提供/ 什么/ 程序/ 程序开发/ 开发/ 的/ 解决/ 解决方案/ 方案
A2	AWS/ 都/ 有/ 哪些/ 程序/ 程序开发/ 开发/ 的/ 解决/ 解决方案/ 方案
A2	你们/ 公司/ 都/ 有/ 哪些/ 程序/ 程序开发/ 开发/ 的/ 解决/ 解决方案/ 方案
A2	你们/ 公司/ 都/ 提供/ 哪些/ 程序/ 程序开发/ 开发/ 的/ 解决/ 解决方案/ 方案
A2	你们/ 公司/ 有没有/ 没有/ 程序/ 程序开发/ 开发/ 的/ 解决/ 解决方案/ 方案
A2	你们/ 公司/ 有/ 程序/ 程序开发/ 开发/ 的/ 解决/ 解决方案/ 方案/ 吗
A2	AWS/ 有没有/ 没有/ 程序/ 程序开发/ 开发/ 的/ 解决/ 解决方案/ 方案
A2	AWS/ 有/ 程序/ 程序开发/ 开发/ 的/ 解决/ 解决方案/ 方案/ 吗
A2	亚马/ 亚马逊/ 云/ 科技/ 都/ 有/ 什么/ 程序/ 程序开发/ 开发/ 的/ 解决/ 解决方案/ 方案
A2	亚马/ 亚马逊/ 云/ 科技/ 都/ 提供/ 什么/ 程序/ 程序开发/ 开发/ 的/ 解决/ 解决方案/ 方案
A2	亚马/ 亚马逊/ 云/ 科技/ 都/ 有/ 哪些/ 程序/ 程序开发/ 开发/ 的/ 解决/ 解决方案/ 方案
A2	亚马/ 亚马逊/ 云/ 科技/ 有没有/ 没有/ 程序/ 程序开发/ 开发/ 的/ 解决/ 解决方案/ 方案
A2	亚马/ 亚马逊/ 云/ 科技/ 有/ 程序/ 程序开发/ 开发/ 的/ 解决/ 解决方案/ 方案/ 吗
A2	跟/ 我/ 说/ 说/ AWS/ 程序/ 程序开发/ 开发/ 的/ 解决/ 解决方案/ 方案
A2	给/ 我/ 讲讲/ AWS/ 程序/ 程序开发/ 开发/ 的/ 解决/ 解决方案/ 方案
A2	介绍/ 一下/ AWS/ 程序/ 程序开发/ 开发/ 的/ 解决/ 解决方案/ 方案
A2	我/ 想/ 了解/ 一下/ AWS/ 现代/ 应用/ 开发/ 的/ 解决/ 解决方案/ 方案
A2	AWS/ 都/ 有/ 什么/ 云端/ 安全/ 的/ 解决/ 解决方案/ 方案
A2	AWS/ 都/ 提供/ 什么/ 云端/ 安全/ 的/ 解决/ 解决方案/ 方案
A2	你们/ 公司/ 都/ 有/ 什么/ 云端/ 安全/ 的/ 解决/ 解决方案/ 方案
A2	你们/ 公司/ 都/ 提供/ 什么/ 云端/ 安全/ 的/ 解决/ 解决方案/ 方案
A2	AWS/ 都/ 有/ 哪些/ 云端/ 安全/ 的/ 解决/ 解决方案/ 方案
A2	你们/ 公司/ 都/ 有/ 哪些/ 云端/ 安全/ 的/ 解决/ 解决方案/ 方案
A2	你们/ 公司/ 都/ 提供/ 哪些/ 云端/ 安全/ 的/ 解决/ 解决方案/ 方案
A2	你们/ 公司/ 有没有/ 没有/ 云端/ 安全/ 的/ 解决/ 解决方案/ 方案
A2	你们/ 公司/ 有/ 云端/ 安全/ 的/ 解决/ 解决方案/ 方案/ 吗
A2	AWS/ 有没有/ 没有/ 云端/ 安全/ 的/ 解决/ 解决方案/ 方案
A2	跟/ 我/ 说/ 说/ AWS/ 云端/ 安全/ 的/ 解决/ 解决方案/ 方案
A2	给/ 我/ 讲讲/ AWS/ 云端/ 安全/ 的/ 解决/ 解决方案/ 方案
A2	介绍/ 一下/ AWS/ 云端/ 安全/ 的/ 解决/ 解决方案/ 方案
A2	我/ 想/ 了解/ 一下/ AWS/ 云端/ 安全/ 的/ 解决/ 解决方案/ 方案
A2	把/ AWS/ 技术/ 解决/ 解决方案/ 方案/ 的/ 资料/ 文件/ 发/ 我/ 一下
A2	把/ AWS/ 技术/ 解决/ 解决方案/ 方案/ 的/ 资料/ 文件/ 发给/ 我
A2	把/ AWS/ 技术/ 解决/ 解决方案/ 方案/ 的/ 资料/ 文件/ 发到/ 我/ 邮箱
A2	把/ AWS/ 热门/ 的/ 技术/ 解决/ 解决方案/ 方案/ 资料/ 文件/ 发/ 我/ 邮件
A2	把/ AWS/ 技术/ 解决/ 解决方案/ 方案/ 的/ 说明/ 资料/ 发/ 我/ 一下
A2	把/ AWS/ 技术/ 解决/ 解决方案/ 方案/ 的/ 说明/ 资料/ 发给/ 我
A2	把/ 亚马/ 亚马逊/ 云/ 科技/ 技术/ 解决/ 解决方案/ 方案/ 的/ 说明/ 资料/ 发到/ 我/ 邮箱
A2	把/ 亚马/ 亚马逊/ 云/ 科技/ 技术/ 解决/ 解决方案/ 方案/ 的/ 说明/ 发/ 我/ 邮件
A2	把/ 亚马/ 亚马逊/ 云/ 科技/ 最新/ 的/ 技术/ 解决/ 解决方案/ 方案/ 文档/ 发/ 我/ 一下
A2	把/ 亚马/ 亚马逊/ 云/ 科技/ 技术/ 解决/ 解决方案/ 方案/ 的/ 文档/ 发给/ 我
A2	把/ 亚马/ 亚马逊/ 云/ 科技/ 技术/ 解决/ 解决方案/ 方案/ 的/ 文档/ 发到/ 我/ 邮箱
A2	把/ 亚马/ 亚马逊/ 云/ 科技/ 技术/ 解决/ 解决方案/ 方案/ 的/ 文档/ 文档资料/ 资料/ 发/ 我/ 邮件
A2	AWS/ 有/ 什么/ 行业/ 解决/ 解决方案/ 方案
A2	AWS/ 有/ 哪些/ 行业/ 解决/ 解决方案/ 方案
A2	AWS/ 没有/ 有/ 行业/ 解决/ 解决方案/ 方案
A2	AWS/ 有/ 什么/ 热门/ 的/ 行业/ 解决/ 解决方案/ 方案
A2	AWS/ 有/ 哪些/ 热门/ 的/ 行业/ 解决/ 解决方案/ 方案
A2	AWS/ 都/ 有/ 什么/ 行业/ 解决/ 解决方案/ 方案
A2	AWS/ 都/ 提供/ 什么/ 行业/ 解决/ 解决方案/ 方案
A2	你们/ 公司/ 都/ 有/ 什么/ 行业/ 解决/ 解决方案/ 方案
A2	你们/ 公司/ 都/ 提供/ 什么/ 行业/ 解决/ 解决方案/ 方案
A2	AWS/ 都/ 有/ 哪些/ 行业/ 解决/ 解决方案/ 方案
A2	AWS/ 都/ 提供/ 哪些/ 行业/ 解决/ 解决方案/ 方案
A2	你们/ 公司/ 都/ 有/ 哪些/ 行业/ 解决/ 解决方案/ 方案
A2	你们/ 公司/ 都/ 提供/ 哪些/ 行业/ 解决/ 解决方案/ 方案
A2	AWS/ 都/ 有/ 啥/ 行业/ 解决/ 解决方案/ 方案
A2	AWS/ 都/ 提供/ 啥/ 行业/ 解决/ 解决方案/ 方案
A2	你们/ 公司/ 都/ 有/ 啥/ 行业/ 解决/ 解决方案/ 方案
A2	你们/ 公司/ 都/ 提供/ 啥/ 行业/ 解决/ 解决方案/ 方案
A2	跟/ 我/ 说/ 说/ AWS/ 的/ 行业/ 解决/ 解决方案/ 方案
A2	给/ 我/ 讲讲/ AWS/ 的/ 行业/ 解决/ 解决方案/ 方案
A2	介绍/ 一下/ AWS/ 的/ 行业/ 解决/ 解决方案/ 方案
A2	我/ 想/ 了解/ 一下/ AWS/ 的/ 行业/ 解决/ 解决方案/ 方案
A2	AWS/ 有/ 制造/ 行业/ 解决/ 解决方案/ 方案/ 吗
A2	亚马/ 亚马逊/ 云/ 科技/ 有/ 制造/ 行业/ 解决/ 解决方案/ 方案/ 吗
A2	AWS/ 都/ 提供/ 什么/ 制造/ 行业/ 解决/ 解决方案/ 方案
A2	你们/ 公司/ 都/ 提供/ 哪些/ 制造/ 行业/ 解决/ 解决方案/ 方案
A2	你们/ 公司/ 有没有/ 没有/ 制造/ 行业/ 解决/ 解决方案/ 方案
A2	亚马/ 亚马逊/ 云/ 科技/ 都/ 有/ 什么/ 制造/ 行业/ 解决/ 解决方案/ 方案
A2	AWS/ 都/ 有/ 什么/ 制造/ 行业/ 解决/ 解决方案/ 方案
A2	你们/ 公司/ 都/ 有/ 哪些/ 旅游/ 游行/ 行业/ 的/ 解决/ 解决方案/ 方案
A2	你们/ 公司/ 都/ 有/ 什么/ 旅游/ 游行/ 行业/ 的/ 解决/ 解决方案/ 方案
A2	亚马/ 亚马逊/ 云/ 科技/ 有没有/ 没有/ 旅游/ 游行/ 行业/ 的/ 解决/ 解决方案/ 方案
A2	你们/ 公司/ 都/ 提供/ 哪些/ 旅游/ 游行/ 行业/ 的/ 解决/ 解决方案/ 方案
A2	亚马/ 亚马逊/ 云/ 科技/ 有/ 旅游/ 游行/ 行业/ 的/ 解决/ 解决方案/ 方案/ 吗
A2	AWS/ 有没有/ 没有/ 直播/ 行业/ 的/ 解决/ 解决方案/ 方案
A2	你们/ 公司/ 有/ 直播/ 行业/ 的/ 解决/ 解决方案/ 方案/ 吗
A2	亚马/ 亚马逊/ 云/ 科技/ 都/ 有/ 哪些/ 直播/ 行业/ 的/ 解决/ 解决方案/ 方案
A2	亚马/ 亚马逊/ 云/ 科技/ 都/ 有/ 什么/ 媒体/ 行业/ 的/ 解决/ 解决方案/ 方案
A2	你们/ 公司/ 都/ 提供/ 什么/ 媒体/ 行业/ 的/ 解决/ 解决方案/ 方案
A2	亚马/ 亚马逊/ 云/ 科技/ 都/ 提供/ 什么/ 媒体/ 行业/ 的/ 解决/ 解决方案/ 方案
A2	跟/ 我/ 说/ 说/ AWS/ 广告/ 广告行业/ 行业/ 的/ 解决/ 解决方案/ 方案
A2	你们/ 公司/ 有没有/ 没有/ 广告/ 广告行业/ 行业/ 的/ 解决/ 解决方案/ 方案
A2	你们/ 公司/ 都/ 提供/ 哪些/ 广告/ 广告行业/ 行业/ 的/ 解决/ 解决方案/ 方案
A2	AWS/ 都/ 有/ 什么/ 广告/ 广告行业/ 行业/ 的/ 解决/ 解决方案/ 方案
A2	亚马/ 亚马逊/ 云/ 科技/ 都/ 提供/ 什么/ 广告/ 广告行业/ 行业/ 的/ 解决/ 解决方案/ 方案
A2	AWS/ 有没有/ 没有/ 广告/ 广告行业/ 行业/ 的/ 解决/ 解决方案/ 方案
A2	你们/ 公司/ 有/ 广告/ 广告行业/ 行业/ 的/ 解决/ 解决方案/ 方案/ 吗
A2	亚马/ 亚马逊/ 云/ 科技/ 都/ 有/ 什么/ 营销/ 销行/ 行业/ 的/ 解决/ 解决方案/ 方案
A2	AWS/ 都/ 提供/ 什么/ 营销/ 销行/ 行业/ 的/ 解决/ 解决方案/ 方案
A2	亚马/ 亚马逊/ 云/ 科技/ 有/ 营销/ 销行/ 行业/ 的/ 解决/ 解决方案/ 方案/ 吗
A2	你们/ 公司/ 都/ 提供/ 什么/ 营销/ 销行/ 行业/ 的/ 解决/ 解决方案/ 方案
A2	你们/ 公司/ 都/ 有/ 哪些/ 营销/ 销行/ 行业/ 的/ 解决/ 解决方案/ 方案
A2	亚马/ 亚马逊/ 云/ 科技/ 有没有/ 没有/ 营销/ 销行/ 行业/ 的/ 解决/ 解决方案/ 方案
A2	把/ AWS/ 行业/ 解决/ 解决方案/ 方案/ 的/ 资料/ 文件/ 发/ 我/ 一下
A2	把/ AWS/ 行业/ 解决/ 解决方案/ 方案/ 的/ 资料/ 文件/ 发给/ 我
A2	把/ AWS/ 行业/ 解决/ 解决方案/ 方案/ 的/ 资料/ 文件/ 发到/ 我/ 邮箱
A2	把/ AWS/ 热门/ 的/ 行业/ 解决/ 解决方案/ 方案/ 资料/ 文件/ 发/ 我/ 邮件
A2	把/ AWS/ 行业/ 解决/ 解决方案/ 方案/ 的/ 说明/ 资料/ 发/ 我/ 一下
A2	把/ AWS/ 行业/ 解决/ 解决方案/ 方案/ 的/ 说明/ 资料/ 发给/ 我
A2	把/ 亚马/ 亚马逊/ 云/ 科技/ 行业/ 解决/ 解决方案/ 方案/ 的/ 说明/ 资料/ 发到/ 我/ 邮箱
A2	把/ 亚马/ 亚马逊/ 云/ 科技/ 行业/ 解决/ 解决方案/ 方案/ 的/ 说明/ 发/ 我/ 邮件
A2	把/ 亚马/ 亚马逊/ 云/ 科技/ 最新/ 的/ 行业/ 解决/ 解决方案/ 方案/ 文档/ 发/ 我/ 一下
A2	把/ 亚马/ 亚马逊/ 云/ 科技/ 行业/ 解决/ 解决方案/ 方案/ 的/ 文档/ 发给/ 我
A2	把/ 亚马/ 亚马逊/ 云/ 科技/ 行业/ 解决/ 解决方案/ 方案/ 的/ 文档/ 发到/ 我/ 邮箱
A2	把/ 亚马/ 亚马逊/ 云/ 科技/ 行业/ 解决/ 解决方案/ 方案/ 的/ 文档/ 文档资料/ 资料/ 发/ 我/ 邮件
A2	AWS/ 有没有/ 没有/ 针对/ 不同/ 同类/ 类型/ 组织/ 织机/ 机构/ 的/ 解决/ 解决方案/ 方案
A2	AWS/ 有/ 什么/ 针对/ 不同/ 同组/ 组织/ 织机/ 机构/ 的/ 解决/ 解决方案/ 方案
A2	AWS/ 没有/ 针对/ 不同/ 同类/ 类型/ 组织/ 织机/ 机构/ 的/ 解决/ 解决方案/ 方案
A2	亚马/ 亚马逊/ 云/ 科技/ 有没有/ 没有/ 针对/ 不同/ 同类/ 类型/ 组织/ 织机/ 机构/ 的/ 解决/ 解决方案/ 方案
A2	亚马/ 亚马逊/ 云/ 科技/ 有/ 什么/ 针对/ 不同/ 同类/ 类型/ 组织/ 织机/ 机构/ 的/ 解决/ 解决方案/ 方案
A2	亚马/ 亚马逊/ 云/ 科技/ 没有/ 针对/ 不同/ 同类/ 类型/ 组织/ 织机/ 机构/ 的/ 解决/ 解决方案/ 方案
A2	AWS/ 有/ 什么/ 市场/ 活动
A2	AWS/ 有/ 什么/ 会议
A2	AWS/ 都/ 有/ 哪些/ 活动
A2	市场/ 活动
A2	科技/ 峰会
A2	研讨/ 研讨会
A2	会议
A2	线/ 上/ 活动
A2	线下/ 活动
A2	活动/ 查询
A2	活动/ 推荐
A2	1/ 月份/ 有/ 什么/ 活动
A2	2/ 月份/ 有/ 什么/ 活动
A2	3/ 月份/ 有/ 什么/ 活动
A2	4/ 月份/ 有/ 什么/ 活动
A2	5/ 月份/ 有/ 什么/ 活动
A2	6/ 月份/ 有/ 什么/ 活动
A2	7/ 月份/ 有/ 什么/ 会议
A2	8/ 月份/ 有/ 什么/ 会议
A2	9/ 月份/ 有/ 什么/ 会议
A2	10/ 月份/ 有/ 什么/ 会议
A2	11/ 月份/ 有/ 什么/ 会议
A2	12/ 月份/ 有/ 什么/ 会议
A2	怎么/ 报名/ 亚马/ 亚马逊/ 云/ 科技/ 的/ 研讨/ 研讨会
A2	如何/ 报名/ 亚马/ 亚马逊/ 云/ 科技/ 的/ 研讨/ 研讨会
A2	怎么/ 报名/ 亚马/ 亚马逊/ 云/ 科技/ 的/ 会议
A2	如何/ 报名/ 亚马/ 亚马逊/ 云/ 科技/ 的/ 会议
A2	怎么/ 报名/ 亚马/ 亚马逊/ 云/ 科技/ 的/ 科技/ 峰会
A2	如何/ 报名/ 亚马/ 亚马逊/ 云/ 科技/ 的/ 科技/ 峰会
A2	我/ 能/ 报名/ AWS/ 的/ 活动/ 吗
A2	我/ 可以/ 报名/ AWS/ 的/ 会议/ 吗
A2	我/ 能/ 报名/ AWS/ 的/ 研讨/ 研讨会/ 吗
A2	我/ 可以/ 报名/ AWS/ 的/ 研讨/ 研讨会/ 吗
A2	报名/ AWS/ 的/ 研讨/ 研讨会/ 有/ 什么/ 要求/ 没
A2	报名/ AWS/ 的/ 活动/ 有/ 什么/ 条件/ 没
A2	怎么/ 参加/ AWS/ 的/ 活动
A2	如何/ 参加/ AWS/ 的/ 活动
A2	怎么/ 参加/ AWS/ 的/ 会议
A2	如何/ 参加/ AWS/ 的/ 会议
A2	怎么/ 参加/ AWS/ 的/ 科技/ 峰会
A2	如何/ 参加/ AWS/ 的/ 科技/ 峰会
A2	把/ 9/ 月/ 28/ 号/ 线/ 上/ 活动/ 的/ 邀请/ 邀请函/ 发/ 我/ 一下
A2	把/ 9/ 月/ 28/ 号/ 线/ 上/ 活动/ 的/ 内容/ 发到/ 我/ 手机/ 机上
A2	把/ 9/ 月/ 28/ 号/ 线/ 上/ 活动/ 的/ 资料/ 发/ 我/ 手机/ 机上
A2	把/ 9/ 月/ 28/ 号/ 线/ 上/ 活动/ 信息/ 发/ 我/ 手机/ 机上
A2	把/ 9/ 月/ 28/ 号/ 线/ 上/ 活动/ 的/ 内容/ 发邮件/ 邮件/ 给/ 我
A2	把/ 9/ 月/ 28/ 号/ 线/ 上/ 活动/ 的/ 资料/ 发邮件/ 邮件/ 给/ 我
A2	把/ 9/ 月/ 28/ 号/ 线/ 上/ 活动/ 信息/ 发邮件/ 邮件/ 给/ 我
A2	把/ 9/ 月/ 28/ 号/ 线/ 上/ 活动/ 的/ 内容/ 发/ 我/ 邮箱/ 上
A2	把/ 9/ 月/ 28/ 号/ 线/ 上/ 活动/ 的/ 资料/ 发/ 我/ 邮箱/ 上
A2	把/ 9/ 月/ 28/ 号/ 线/ 上/ 活动/ 信息/ 发/ 我/ 邮箱/ 上
A2	如何/ 参加/ AWS/ 的/ 研讨/ 研讨会
A2	我/ 能/ 参加/ AWS/ 的/ 活动/ 吗
A2	我/ 可以/ 参加/ AWS/ 的/ 会议/ 吗
A2	我/ 能/ 参加/ AWS/ 的/ 研讨/ 研讨会/ 吗
A2	我/ 可以/ 参加/ AWS/ 的/ 研讨/ 研讨会/ 吗
A2	参加/ AWS/ 的/ 研讨/ 研讨会/ 有/ 什么/ 要求/ 没
A2	参加/ AWS/ 的/ 活动/ 有/ 什么/ 条件/ 没
A2	参加/ AWS/ 的/ 活动/ 需要/ 什么/ 活动
A2	10/ 月/ 29/ 号/ 深圳/ 的/ 活动/ 是/ 讲/ 电商/ 那/ 一块/ 的/ 吗
A2	11/ 月/ 5/ 号/ 的/ 会议/ 是/ 说/ 电商/ 那块/ 的/ 吗
A2	我/ 想/ 了解/ 11/ 月/ 5/ 号/ 北京/ 线下/ 的/ 会议
A2	10/ 月/ 29/ 号/ 的/ 研讨/ 研讨会/ 是/ 关于/ 哪/ 方面/ 的
A2	11/ 月/ 5/ 号/ 的/ 会议/ 是/ 关于/ 游戏/ 这方/ 这方面/ 方面/ 的/ 吗
A2	28/ 号/ 线/ 上/ 的/ 会议/ 是/ 说/ 汽车/ 汽车行业/ 车行/ 行业/ 的/ 吗
A2	把/ 28/ 号/ 线/ 上/ 的/ 活动/ 资料/ 发/ 我/ 邮箱
A2	把/ 10/ 月/ 28/ 号/ 的/ 会议/ 具体/ 具体内容/ 体内/ 内容/ 发/ 我/ 邮件
A2	把/ 28/ 号/ 线/ 上/ 的/ 邀请/ 邀请函/ 发/ 我/ 邮箱
A2	11/ 月/ 5/ 号/ 线下/ 的/ 活动/ 是/ 说/ 电商/ 这块/ 的/ 吗
A2	10/ 月/ 28/ 号/ 的/ 研讨/ 研讨会/ 具体/ 具体内容/ 体内/ 内容/ 是/ 啥
A2	我/ 想/ 了解/ 11/ 月/ 5/ 号/ 在线/ 的/ 会议
A2	10/ 月/ 28/ 号/ 线/ 上/ 的/ 会议/ 是/ 说/ 电商/ 那块/ 的/ 吗
A2	11/ 月/ 5/ 号/ 成都/ 的/ 现场/ 活动/ 是/ 讲/ 哪/ 方面/ 的/ 内容
A2	28/ 号/ 在线/ 的/ 会议/ 是/ 说/ 汽车/ 汽车行业/ 车行/ 行业/ 的/ 吗
A2	10/ 月/ 28/ 号/ 的/ 会议/ 具体/ 讲/ 什么/ 的/ 内容
A2	10/ 月/ 29/ 号/ 线/ 上/ 的/ 活动/ 是/ 讲/ 电商/ 那/ 一块/ 的/ 吗
A2	10/ 月/ 28/ 号/ 在线/ 的/ 峰会/ 是/ 讲/ 这方/ 这方面/ 方面/ 的/ 吗
A2	28/ 号/ 线/ 上/ 的/ 会议/ 是/ 关于/ 哪一块/ 一块/ 的
A2	11/ 月/ 5/ 号/ 的/ 研讨/ 研讨会/ 是/ 关于/ 游戏/ 这方/ 这方面/ 方面/ 的/ 吗
A2	28/ 号/ 线下/ 的/ 会议/ 是/ 关于/ 什么/ 的/ 内容
A2	11/ 月/ 5/ 号/ 的/ 活动/ 是/ 说/ 电商/ 那块/ 的/ 吗
A2	29/ 号/ 的/ 会议/ 是/ 关于/ 什么/ 的/ 内容
A2	28/ 号/ 在线/ 的/ 会议/ 是/ 关于/ 哪一块/ 一块/ 的
A2	10/ 月/ 28/ 号/ 线下/ 的/ 活动/ 是/ 讲/ 哪/ 方面/ 的/ 东西
A2	28/ 号/ 线下/ 的/ 会议/ 是/ 说/ 汽车/ 汽车行业/ 车行/ 行业/ 的/ 吗
A2	10/ 月/ 28/ 号/ 线/ 上/ 的/ 活动/ 是/ 讲/ 这方/ 这方面/ 方面/ 的/ 吗
A2	10/ 月/ 28/ 号/ 的/ 会议/ 是/ 讲/ 的/ 什么/ 内容
A2	10/ 月/ 28/ 号/ 的/ 活动/ 是/ 讲/ 这方/ 这方面/ 方面/ 的/ 吗
A2	28/ 号/ 在线/ 的/ 会议/ 具体/ 是/ 关于/ 什么/ 的
A2	我/ 想/ 了解/ 11/ 月/ 5/ 号/ 线/ 上/ 的/ 会议
A2	10/ 月/ 29/ 号/ 在线/ 的/ 活动/ 是/ 关于/ 哪/ 方面/ 的
A2	29/ 号/ 的/ 研讨/ 研讨会/ 内容/ 是/ 什么
A2	11/ 月/ 5/ 号/ 成都/ 的/ 现场/ 活动/ 是/ 讲/ 数据/ 数据库/ 据库/ 这块/ 的/ 吗
A2	10/ 月/ 29/ 号/ 线下/ 的/ 活动/ 是/ 关于/ 哪/ 方面/ 的
A2	10/ 月/ 28/ 号/ 的/ 研讨/ 研讨会/ 是/ 讲/ 哪/ 方面/ 的/ 东西
A2	11/ 月/ 5/ 号/ 的/ 活动/ 是/ 说/ 汽车/ 汽车行业/ 车行/ 行业/ 的/ 吗
A2	10/ 月/ 28/ 号/ 的/ 活动/ 是/ 讲/ 哪/ 方面/ 的/ 东西
A2	11/ 月/ 5/ 号/ 的/ 研讨/ 研讨会/ 是/ 说/ 汽车/ 汽车行业/ 车行/ 行业/ 的/ 吗
A2	29/ 号/ 的/ 研讨/ 研讨会/ 是/ 关于/ 什么/ 的/ 内容
A2	28/ 号/ 的/ 研讨/ 研讨会/ 是/ 什么/ 内容
A2	10/ 月/ 28/ 号/ 的/ 活动/ 具体/ 讲/ 什么/ 的/ 内容
A2	10/ 月/ 28/ 号/ 的/ 活动/ 具体/ 具体内容/ 体内/ 内容/ 是/ 啥
A2	11/ 月/ 5/ 号/ 的/ 活动/ 是/ 关于/ 电商/ 这/ 一块/ 的/ 吗
A2	28/ 号/ 北京/ 线下/ 的/ 会议/ 是/ 关于/ 什么/ 的/ 内容
A2	11/ 月/ 5/ 号/ 的/ 研讨/ 研讨会/ 是/ 说/ 电商/ 这块/ 的/ 吗
A2	11/ 月/ 5/ 号/ 线/ 上/ 的/ 研讨/ 研讨会/ 内容/ 是/ 什么
A2	11/ 月/ 5/ 号/ 的/ 活动/ 是/ 关于/ 游戏/ 这方/ 这方面/ 方面/ 的/ 吗
A2	28/ 号/ 北京/ 线下/ 的/ 会议/ 是/ 关于/ 哪一块/ 一块/ 的
A2	28/ 号/ 线/ 上/ 的/ 会议/ 具体/ 是/ 关于/ 什么/ 的
A2	10/ 月/ 29/ 号/ 线下/ 的/ 活动/ 内容/ 是/ 什么
A2	28/ 号/ 北京/ 线下/ 的/ 会议/ 具体/ 是/ 关于/ 什么/ 的
A2	11/ 月/ 5/ 号/ 的/ 活动/ 是/ 说/ 电商/ 这块/ 的/ 吗
A2	10/ 月/ 28/ 号/ 在线/ 的/ 峰会/ 是/ 讲/ 哪/ 方面/ 的/ 东西
A2	28/ 号/ 的/ 活动/ 是/ 什么/ 内容
A2	11/ 月/ 5/ 号/ 在线/ 的/ 活动/ 具体/ 讲/ 啥/ 东西
A2	11/ 月/ 5/ 号/ 线/ 上/ 的/ 研讨/ 研讨会/ 是/ 讲/ 数据/ 数据库/ 据库/ 这块/ 的/ 吗
A2	10/ 月/ 29/ 号/ 的/ 技术/ 会议/ 是/ 讲/ 哪一块/ 一块/ 的/ 东西
A2	28/ 号/ 的/ 活动/ 位置/ 是/ 在/ 什么/ 地方
A2	10/ 月/ 28/ 号/ 的/ 活动/ 是/ 在/ 哪儿/ 举办/ 的
A2	28/ 号/ 的/ 活动/ 是/ 在/ 什么/ 地方/ 举办/ 的
A2	10/ 月/ 28/ 号/ 的/ 现场/ 活动/ 是/ 在/ 什么/ 位置/ 举办/ 的
A2	10/ 月/ 28/ 号/ 的/ 现场/ 活动/ 动地/ 地址/ 是/ 在/ 哪儿
A2	能/ 把/ 10/ 月/ 28/ 号/ 线/ 上/ 的/ 活动/ 内容/ 发/ 我/ 一下/ 吗
A2	能/ 把/ 10/ 月/ 28/ 号数/ 数据/ 创新/ 的/ 活动/ 内容/ 发/ 我/ 一下/ 吗
A2	把/ 10/ 月/ 28/ 号/ 线/ 上/ 的/ 活动/ 介绍/ 发/ 我/ 邮箱/ 一下
A2	可以/ 把/ 11/ 月/ 12/ 号/ 那场/ 西安/ 活动/ 的/ 具体/ 具体内容/ 体内/ 内容/ 发/ 我/ 发/ 邮箱/ 吗
A2	把/ 11/ 月/ 12/ 号/ 那场/ 西安/ 活动/ 的/ 内容/ 给我发/ 个/ 邮件/ 吧
A2	可以/ 把/ 10/ 月/ 28/ 号/ 那场/ 机器/ 学习/ 的/ 活动/ 介绍/ 发/ 我/ 邮箱/ 吗
A2	我/ 想/ 看/ 一下/ 10/ 月/ 28/ 号/ 那场/ 会/ 的/ 介绍
A2	我/ 想/ 看看/ 看看/ 10/ 月/ 28/ 号/ 那个/ 会/ 的/ 邀请/ 邀请函
A2	有没有/ 没有/ 11/ 月/ 5/ 号/ 那场/ 线下/ 的/ 邀请/ 邀请函
A2	我/ 想/ 参加/ 10/ 月/ 28/ 号/ 的/ 活动
A2	我/ 要/ 参加/ 28/ 号/ 的/ 活动
A2	我/ 想报/ 报名/ 10/ 月/ 28/ 号/ 的/ 活动
A2	我/ 要/ 报名/ 28/ 号/ 的/ 活动
A2	我/ 要/ 参加/ 28/ 号/ 线/ 上/ 的/ 活动
A2	我/ 想报/ 报名/ 10/ 月/ 28/ 号/ 线/ 上/ 的/ 活动
A2	帮/ 我/ 报/ 一下/ 10/ 月/ 28/ 号/ 线/ 上/ 的/ 活动
A2	10/ 月/ 28/ 号/ 上海/ 的/ 峰会/ 是/ 说/ 电商/ 那块/ 的/ 吗
A2	28/ 号/ 上海/ 的/ 会议/ 是/ 说/ 汽车/ 汽车行业/ 车行/ 行业/ 的/ 吗
A2	2/ 月/ 5/ 号/ 上海/ 的/ 活动/ 动地/ 地址/ 在/ 哪儿
A2	2/ 月/ 6/ 号/ 上海/ 的/ 活动/ 动地/ 地址/ 在/ 哪里
A2	8/ 月/ 12/ 号/ 上海/ 的/ 活动/ 现场/ 场地/ 地址/ 是/ 在/ 哪个/ 地方
A2	10/ 月/ 15/ 号/ 上海/ 的/ 活动/ 现场/ 是/ 在/ 哪个/ 地方/ 举办/ 的
A2	11/ 月/ 18/ 号/ 上海/ 的/ 活动/ 现场/ 具体/ 哪个/ 地方
A2	11/ 月/ 21/ 号/ 上海/ 的/ 活动/ 现场/ 具体/ 具体位置/ 体位/ 位置/ 在/ 哪儿
A2	有没有/ 没有/ 11/ 月/ 5/ 号/ 上海/ 海线/ 线下/ 研讨/ 研讨会/ 的/ 会议/ 邀请/ 邀请函
A2	11/ 月/ 5/ 号/ 上海/ 活动/ 动地/ 地址
A2	11/ 月/ 5/ 号/ 上海/ 活动/ 酒店
A2	11/ 月/ 5/ 号/ 上海/ 活动/ 是/ 在/ 哪个/ 区/ 举办/ 的
A2	11/ 月/ 5/ 号/ 上海/ 活动/ 是/ 在/ 哪个/ 酒店/ 举办/ 的
A2	11/ 月/ 5/ 号/ 上海/ 活动/ 现场/ 是/ 在/ 什么/ 酒店
A2	我/ 想/ 参加/ 10/ 月/ 28/ 号/ 上海/ 的/ 活动
A2	我/ 要/ 参加/ 28/ 号/ 上海/ 的/ 活动
A2	我/ 想报/ 报名/ 10/ 月/ 28/ 号/ 上海/ 的/ 活动
A2	帮/ 我/ 报/ 一下/ 10/ 月/ 19/ 号/ 上海/ 海线/ 线下/ 的/ 活动
A2	8/ 月/ 28/ 的/ 会议/ 是/ 讲/ 哪/ 方面/ 的/ 东西
A2	9/ 月/ 28/ 的/ 会议/ 是/ 讲/ 哪/ 方面/ 的/ 内容
A2	2/ 月/ 28/ 的/ 活动/ 是/ 讲/ 哪/ 方面/ 的/ 东西
A2	10/ 月/ 21/ 的/ 现场/ 活动/ 动地/ 地址/ 是/ 在/ 哪个/ 地方
A2	10/ 月/ 29/ 的/ 现场/ 活动/ 是/ 在/ 哪个/ 地方/ 举办/ 的
A2	5/ 月/ 19/ 上海/ 的/ 技术/ 技术活/ 活动/ 是/ 讲/ 哪一块/ 一块/ 的/ 内容
A2	给/ 我/ 报名/ 10/ 月/ 28/ 的/ 活动
A2	我/ 想/ 了解/ 10/ 月/ 28/ 的/ 会议
A2	未来/ 有/ 什么/ 活动
A2	最近/ 的/ 有/ 什么/ 活动
A2	AWS/ 有/ 什么/ 最新/ 活动
A2	近期/ 有/ 什么/ 活动
A2	最近/ 有/ 什么/ 活动
A2	今年/ 有/ 什么/ 活动
A2	下半/ 下半年/ 半年/ 有/ 什么/ 活动
A2	本月/ 有/ 什么/ 活动
A2	这/ 月/ 有/ 什么/ 活动
A2	这个/ 月/ 有/ 什么/ 活动
A2	本周/ 有/ 什么/ 活动
A2	这/ 星期/ 有/ 什么/ 活动
A2	这个/ 星期/ 有/ 什么/ 活动
A2	这/ 礼拜/ 有/ 什么/ 活动
A2	这个/ 礼拜/ 有/ 什么/ 活动
A2	今天/ 有/ 什么/ 活动
A2	今/ 个/ 有/ 什么/ 活动
A2	今天/ 今天下午/ 天下/ 下午/ 有/ 什么/ 活动
A2	今/ 个/ 下午/ 有/ 什么/ 活动
A2	明天/ 有/ 什么/ 活动
A2	后天/ 有/ 什么/ 活动
A2	最近/ 近几天/ 几天/ 有/ 什么/ 活动
A2	最近/ 一周/ 有/ 什么/ 活动
A2	近几天/ 几天/ 有/ 什么/ 活动
A2	这/ 几天/ 有/ 什么/ 活动
A2	下周/ 有/ 什么/ 活动
A2	下星期/ 星期/ 有/ 什么/ 活动
A2	下个星期/ 星期/ 有/ 什么/ 活动
A2	下礼/ 下礼拜/ 礼拜/ 有/ 什么/ 活动
A2	下/ 个/ 礼拜/ 有/ 什么/ 活动
A2	最近/ 两周/ 有/ 什么/ 活动
A2	这/ 两周/ 有/ 什么/ 活动
A2	最近/ 两/ 星期/ 有/ 什么/ 活动
A2	这/ 两/ 星期/ 有/ 什么/ 活动
A2	最近/ 两个/ 星期/ 有/ 什么/ 活动
A2	这/ 两个/ 星期/ 有/ 什么/ 活动
A2	最近/ 两个/ 礼拜/ 有/ 什么/ 活动
A2	这/ 两个/ 礼拜/ 有/ 什么/ 活动
A2	这/ 半个/ 月/ 有/ 什么/ 活动
A2	这/ 半月/ 有/ 什么/ 活动
A2	最近/ 半个/ 月/ 有/ 什么/ 活动
A2	最近/ 半月/ 有/ 什么/ 活动
A2	下月/ 有/ 什么/ 活动
A2	下个月/ 有/ 什么/ 活动
A2	周二/ 有/ 什么/ 活动
A2	星期/ 星期二/ 有/ 什么/ 活动
A2	周三/ 有/ 什么/ 活动
A2	星期/ 星期三/ 有/ 什么/ 活动
A2	周四/ 有/ 什么/ 活动
A2	星期/ 星期四/ 有/ 什么/ 活动
A2	周五/ 有/ 什么/ 活动
A2	星期/ 星期五/ 有/ 什么/ 活动
A2	周六/ 有/ 什么/ 会议
A2	星期/ 星期六/ 有/ 什么/ 会议
A2	周日/ 有/ 什么/ 会议
A2	星期/ 星期日/ 期日/ 有/ 什么/ 会议
A2	星期/ 星期天/ 有/ 什么/ 会议
A2	周末/ 有/ 什么/ 会议
A2	下周/ 下周一/ 周一/ 有/ 什么/ 会议
A2	下星期/ 星期/ 星期一/ 有/ 什么/ 会议
A2	下周/ 周二/ 有/ 什么/ 会议
A2	下星期/ 星期/ 星期二/ 有/ 什么/ 会议
A2	下周/ 周三/ 有/ 什么/ 会议
A2	下星期/ 星期/ 星期三/ 有/ 什么/ 会议
A2	下周/ 周四/ 有/ 什么/ 会议
A2	下星期/ 星期/ 星期四/ 有/ 什么/ 会议
A2	下周/ 周五/ 有/ 什么/ 会议
A2	下星期/ 星期/ 星期五/ 有/ 什么/ 会议
A2	下周/ 周六/ 有/ 什么/ 会议
A2	下星期/ 星期/ 星期六/ 有/ 什么/ 会议
A2	下周/ 周日/ 有/ 什么/ 会议
A2	下星期/ 星期/ 星期日/ 期日/ 有/ 什么/ 会议
A2	下星期/ 星期/ 星期天/ 有/ 什么/ 会议
A2	下周/ 周末/ 有/ 什么/ 会议
A2	AWS/ 最近/ 有数/ 数据/ 数据分析/ 分析/ 相关/ 的/ 活动/ 没
A2	AWS/ 这周/ 有/ 安全/ 相关/ 的/ 会议/ 吗
A2	AWS/ 下星期/ 星期/ 有数/ 数据/ 数据库/ 据库/ 那/ 方面/ 的/ 会议/ 吗
A2	AWS/ 下星期/ 星期/ 有没有/ 没有/ 有数/ 数据/ 数据安全/ 安全/ 这块/ 的/ 会
A2	AWS/ 这个/ 月/ 有没有/ 没有/ 有人/ 人工/ 人工智能/ 智能/ 方面/ 的/ 活动
A2	AWS/ 这/ 几天/ 有没有/ 没有/ 什么/ 机器/ 学习/ 相关/ 的/ 会
A2	AWS/ 今天/ 有/ 活动/ 没
A2	亚马/ 亚马逊/ 云/ 科技/ 这/ 两周/ 在/ 福州/ 有/ 哪些/ 讲座
A2	亚马/ 亚马逊/ 云/ 科技/ 最近/ 两/ 星期/ 有/ 哪些/ 活动
A2	你们/ 公司/ 这/ 几天/ 有/ 技术/ 方面/ 的/ 会议/ 吗
A2	你们/ 公司/ 这/ 半月/ 技术/ 方面/ 的/ 有/ 活动/ 没
A2	AWS/ 本月/ 有/ 技术/ 方面/ 的/ 研讨/ 研讨会/ 吗
A2	AWS/ 下周/ 有/ 哪些/ 技术/ 方面/ 的/ 活动
A2	AWS/ 近几天/ 几天/ 有/ 会议/ 吗
A2	亚马/ 亚马逊/ 云/ 科技/ 这个/ 星期/ 有/ 哪些/ 线下/ 研讨/ 研讨会
A2	你们/ 公司/ 这/ 半个/ 月/ 在/ 厦门/ 有/ 什么/ 活动
A2	你们/ 公司/ 今天/ 今天下午/ 天下/ 下午/ 有/ 什么/ 活动
A2	你们/ 公司/ 这/ 星期/ 有/ 什么/ 线下/ 会议
A2	亚马/ 亚马逊/ 云/ 科技/ 这/ 半月/ 在/ 广州/ 有/ 讲座/ 吗
A2	AWS/ 最近/ 两/ 星期/ 在/ 西安/ 有/ 哪些/ 活动
A2	你们/ 公司/ 最近/ 有/ 活动/ 没
A2	你们/ 公司/ 下个星期/ 星期/ 在/ 广州/ 有/ 哪些/ 讲座
A2	AWS/ 这个/ 星期/ 有/ 什么/ 峰会
A2	你们/ 公司/ 这/ 两个/ 星期/ 有数/ 数据/ 相关/ 的/ 会议/ 吗
A2	亚马/ 亚马逊/ 云/ 科技/ 今天/ 有/ 现场/ 现场会/ 现场会议/ 会议/ 吗
A2	你们/ 公司/ 下月/ 在/ 福州/ 有/ 什么/ 峰会
A2	AWS/ 这/ 半月/ 在/ 广州/ 有/ 讲座/ 吗
A2	你们/ 公司/ 本月/ 有/ 讲座/ 吗
A2	AWS/ 这/ 两周/ 有/ 会议/ 吗
A2	亚马/ 亚马逊/ 云/ 科技/ 今天/ 今天下午/ 天下/ 下午/ 有数/ 数据/ 相关/ 的/ 会议/ 吗
A2	AWS/ 最近/ 有/ 活动/ 没
A2	AWS/ 明天/ 有/ 活动/ 吗
A2	AWS/ 这/ 两个/ 星期/ 在/ 北京/ 有/ 什么/ 活动
A2	你们/ 公司/ 这个/ 星期/ 有/ 哪些/ 研讨/ 研讨会
A2	你们/ 公司/ 这/ 几天/ 有/ 什么/ 线下/ 活动
A2	AWS/ 最近/ 近几天/ 几天/ 有/ 哪些/ 研讨/ 研讨会
A2	AWS/ 本月/ 有/ 活动/ 没
A2	你们/ 公司/ 近几天/ 几天/ 在/ 广州/ 有研/ 研讨/ 研讨会/ 吗
A2	你们/ 公司/ 下周/ 有/ 哪些/ 峰会
A2	AWS/ 这/ 半月/ 有/ 什么/ 峰会
A2	AWS/ 下星期/ 星期/ 有/ 哪些/ 线/ 上/ 研讨/ 研讨会
A2	把/ 下周/ 活动/ 的/ 邀请/ 邀请函/ 发/ 我/ 一下
A2	把/ 下周/ 活动/ 的/ 内容/ 发/ 我/ 手机/ 机上
A2	把/ 下周/ 活动/ 的/ 资料/ 发/ 我/ 手机/ 机上
A2	把/ 下周/ 活动/ 信息/ 发/ 我/ 手机/ 机上
A2	把/ 下周/ 活动/ 的/ 内容/ 发邮件/ 邮件/ 给/ 我/ 上
A2	把/ 这周/ 活动/ 的/ 资料/ 发邮件/ 邮件/ 给/ 我/ 上
A2	把/ 这周/ 活动/ 信息/ 发邮件/ 邮件/ 给/ 我/ 上
A2	把/ 这周/ 活动/ 的/ 内容/ 发/ 我/ 邮箱/ 上
A2	把/ 这周/ 活动/ 的/ 资料/ 发/ 我/ 邮箱/ 上
A2	把/ 这周/ 活动/ 信息/ 发/ 我/ 邮箱/ 上
A2	把/ 下周/ 活动/ 的/ 资料/ 发/ 个/ 短信/ 给/ 我
A2	把/ 下周/ 活动/ 信息/ 发/ 个/ 短信/ 给/ 我
A2	把/ 下周/ 活动/ 的/ 内容/ 发邮件/ 邮件/ 给/ 我
A2	把/ 这周/ 活动/ 的/ 资料/ 发邮件/ 邮件/ 给/ 我
A2	把/ 这周/ 活动/ 信息/ 发邮件/ 邮件/ 给/ 我
A2	亚马/ 亚马逊/ 云/ 科技/ 这个/ 星期/ 有/ 什么/ 会议
A2	你们/ 公司/ 近期/ 在/ 西安/ 有研/ 研讨/ 研讨会/ 吗
A2	你们/ 公司/ 最近/ 两/ 星期/ 有/ 讲座/ 吗
A2	亚马/ 亚马逊/ 云/ 科技/ 最近/ 近几天/ 几天/ 有/ 会议/ 吗
A2	亚马/ 亚马逊/ 云/ 科技/ 最近/ 两周/ 有/ 什么/ 网络/ 峰会
A2	AWS/ 这/ 两周/ 有/ 哪些/ 活动
A2	亚马/ 亚马逊/ 云/ 科技/ 这/ 两周/ 有/ 哪些/ 现场/ 峰会
A2	AWS/ 下星期/ 星期/ 有/ 什么/ 峰会
A2	AWS/ 今天/ 今天下午/ 天下/ 下午/ 有/ 讲座/ 吗
A2	AWS/ 本周/ 有/ 哪些/ 研讨/ 研讨会
A2	AWS/ 这个/ 星期/ 有/ 哪些/ 网络/ 活动
A2	AWS/ 本月/ 有/ 什么/ 直播/ 活动
A2	AWS/ 这/ 两/ 星期/ 有/ 哪些/ 用电/ 电脑/ 、/ 手机/ 就/ 可以/ 观看/ 的/ 会议
A2	你们/ 公司/ 近期/ 在/ 广州/ 有/ 会议/ 吗
A2	你们/ 公司/ 近期/ 有/ 哪些/ 活动
A2	你们/ 公司/ 最近/ 两周/ 有/ 哪些/ 直播/ 峰会
A2	你们/ 公司/ 明天/ 有线/ 线下/ 研讨/ 研讨会/ 吗
A2	AWS/ 下周/ 有/ 哪些/ 直播/ 活动
A2	你们/ 公司/ 后天/ 有/ 哪些/ 线下/ 活动
A2	亚马/ 亚马逊/ 云/ 科技/ 最近/ 两周/ 在/ 厦门/ 有/ 什么/ 峰会
A2	亚马/ 亚马逊/ 云/ 科技/ 这个/ 星期/ 有线/ 线下/ 活动/ 吗
A2	你们/ 公司/ 最近/ 两/ 星期/ 在/ 北京/ 有/ 哪些/ 峰会
A2	亚马/ 亚马逊/ 云/ 科技/ 下星期/ 星期/ 有/ 哪些/ 用/ 手机/ 、/ 电脑/ 就/ 可以/ 观看/ 的/ 峰会
A2	你们/ 公司/ 最近/ 近几天/ 几天/ 在/ 西安/ 有/ 什么/ 会议
A2	AWS/ 这/ 半个/ 月/ 有/ 什么/ 峰会
A2	亚马/ 亚马逊/ 云/ 科技/ 这/ 星期/ 在/ 北京/ 有/ 什么/ 会议
A2	亚马/ 亚马逊/ 云/ 科技/ 本月/ 有/ 网络/ 活动/ 没
A2	你们/ 公司/ 这/ 两/ 星期/ 有/ 哪些/ 直播/ 播讲/ 讲座
A2	你们/ 公司/ 下个月/ 有/ 什么/ 会议
A2	AWS/ 下周/ 有/ 现场/ 现场会/ 现场会议/ 会议/ 吗
A2	AWS/ 这/ 半个/ 月/ 有研/ 研讨/ 研讨会/ 吗
A2	你们/ 公司/ 下星期/ 星期/ 有/ 哪些/ 峰会
A2	亚马/ 亚马逊/ 云/ 科技/ 这/ 两个/ 星期/ 在/ 西安/ 有/ 哪些/ 峰会
A2	AWS/ 近期/ 有/ 什么/ 会议
A2	你们/ 公司/ 下个星期/ 星期/ 有研/ 研讨/ 研讨会/ 吗
A2	亚马/ 亚马逊/ 云/ 科技/ 今天/ 有/ 哪些/ 峰会
A2	亚马/ 亚马逊/ 云/ 科技/ 下周/ 有/ 什么/ 活动
A2	亚马/ 亚马逊/ 云/ 科技/ 这/ 月/ 有用/ 手机/ 就/ 可以/ 观看/ 的/ 讲座/ 吗
A2	亚马/ 亚马逊/ 云/ 科技/ 这/ 月/ 在/ 成都/ 有/ 什么/ 峰会
A2	AWS/ 下周/ 在/ 福州/ 有/ 哪些/ 讲座
A2	亚马/ 亚马逊/ 云/ 科技/ 这/ 半个/ 月/ 有/ 哪些/ 会议
A2	你们/ 公司/ 下星期/ 星期/ 有/ 讲座/ 吗
A2	你们/ 公司/ 下月/ 有/ 哪些/ 讲座
A2	你们/ 公司/ 明天/ 有/ 现场/ 活动/ 吗
A2	你们/ 公司/ 今天/ 今天下午/ 天下/ 下午/ 有/ 什么/ 用电/ 电脑/ 、/ 手机/ 就/ 可以/ 观看/ 的/ 活动
A2	AWS/ 这/ 两/ 星期/ 在/ 广州/ 有/ 会议/ 没
A2	你们/ 公司/ 今天/ 有/ 会议/ 吗
A2	AWS/ 本周/ 有/ 哪些/ 网络/ 峰会
A2	你们/ 公司/ 这/ 月/ 有/ 哪些/ 网络/ 峰会
A2	你们/ 公司/ 这/ 几天/ 有/ 什么/ 网络/ 活动
A2	AWS/ 本周/ 有/ 哪些/ 讲座
A2	你们/ 公司/ 这/ 半个/ 月/ 有/ 在线/ 会议/ 吗
A2	亚马/ 亚马逊/ 云/ 科技/ 下个星期/ 星期/ 有研/ 研讨/ 研讨会/ 吗
A2	你们/ 公司/ 这/ 半月/ 有/ 什么/ 活动
A2	你们/ 公司/ 最近/ 两周/ 有/ 在线/ 活动/ 吗
A2	AWS/ 这/ 几天/ 有/ 会议/ 吗
A2	AWS/ 近期/ 有/ 什么/ 峰会
A2	AWS/ 最近/ 近几天/ 几天/ 有/ 会议/ 吗
A2	你们/ 公司/ 这周/ 有/ 讲座/ 吗
A2	你们/ 公司/ 本月/ 有/ 哪些/ 峰会
A2	你们/ 公司/ 今天/ 有/ 讲座/ 吗
A2	AWS/ 最近/ 近几天/ 几天/ 有/ 什么/ 现场/ 活动
A2	亚马/ 亚马逊/ 云/ 科技/ 这周/ 有/ 什么/ 活动
A2	你们/ 公司/ 最近/ 两/ 星期/ 在/ 北京/ 有/ 会议/ 吗
A2	AWS/ 后天/ 在/ 厦门/ 有/ 哪些/ 讲座
A2	AWS/ 这/ 月/ 有线/ 线下/ 讲座/ 吗
A2	亚马/ 亚马逊/ 云/ 科技/ 最近/ 两周/ 有线/ 线下/ 研讨/ 研讨会/ 吗
A2	亚马/ 亚马逊/ 云/ 科技/ 下周/ 在/ 成都/ 有/ 什么/ 活动
A2	你们/ 公司/ 这个/ 星期/ 有线/ 上/ 讲座/ 吗
A2	亚马/ 亚马逊/ 云/ 科技/ 这/ 两个/ 星期/ 有/ 哪些/ 会议
A2	AWS/ 这/ 半个/ 月/ 有/ 哪些/ 研讨/ 研讨会
A2	你们/ 公司/ 这/ 半月/ 有/ 哪些/ 研讨/ 研讨会
A2	AWS/ 今天/ 有用/ 手机/ 机电/ 电脑/ 就/ 可以/ 观看/ 的/ 会议/ 没
A2	AWS/ 明天/ 在/ 广州/ 有/ 哪些/ 峰会
A2	AWS/ 下周/ 有线/ 线下/ 活动/ 没
A2	你们/ 公司/ 近几天/ 几天/ 有/ 会议/ 没
A2	亚马/ 亚马逊/ 云/ 科技/ 近几天/ 几天/ 有/ 讲座/ 吗
A2	AWS/ 今天/ 今天下午/ 天下/ 下午/ 有/ 什么/ 会议
A2	AWS/ 这/ 两个/ 星期/ 有/ 哪些/ 网络/ 研讨/ 研讨会
A2	你们/ 公司/ 本周/ 有/ 哪些/ 在线/ 活动
A2	亚马/ 亚马逊/ 云/ 科技/ 这/ 两周/ 有/ 什么/ 用/ 手机/ 、/ 电脑/ 就/ 可以/ 观看/ 的/ 活动
A2	你们/ 公司/ 下个星期/ 星期/ 有/ 哪些/ 在线/ 峰会
A2	AWS/ 后天/ 有/ 会议/ 吗
A2	亚马/ 亚马逊/ 云/ 科技/ 明天/ 有/ 什么/ 活动
A2	AWS/ 这/ 两个/ 星期/ 有/ 会议/ 没
A2	你们/ 公司/ 这周/ 有/ 什么/ 峰会
A2	AWS/ 本月/ 有/ 什么/ 会议
A2	你们/ 公司/ 这/ 半月/ 有/ 会议/ 没
A2	AWS/ 最近/ 两周/ 有/ 什么/ 网络/ 峰会
A2	你们/ 公司/ 后天/ 有/ 哪些/ 直播/ 播讲/ 讲座
A2	你们/ 公司/ 今天/ 有/ 现场/ 讲座/ 吗
A2	亚马/ 亚马逊/ 云/ 科技/ 这/ 星期/ 有/ 哪些/ 直播/ 峰会
A2	亚马/ 亚马逊/ 云/ 科技/ 这周/ 有/ 会议/ 没
A2	亚马/ 亚马逊/ 云/ 科技/ 今天/ 今天下午/ 天下/ 下午/ 有线/ 线下/ 会议/ 吗
A2	亚马/ 亚马逊/ 云/ 科技/ 这个/ 月/ 有/ 现场/ 活动/ 吗
A2	你们/ 公司/ 这/ 半个/ 月/ 有/ 直播/ 会议/ 没
A2	亚马/ 亚马逊/ 云/ 科技/ 这/ 两周/ 在/ 厦门/ 有/ 哪些/ 活动
A2	亚马/ 亚马逊/ 云/ 科技/ 这/ 两/ 星期/ 有/ 哪些/ 用/ 手机/ 就/ 可以/ 观看/ 的/ 讲座
A2	你们/ 公司/ 下星期/ 星期/ 有/ 哪些/ 用/ 手机/ 、/ 电脑/ 就/ 可以/ 观看/ 的/ 活动
A2	你们/ 公司/ 本月/ 有/ 什么/ 现场/ 现场会/ 现场会议/ 会议
A2	你们/ 公司/ 这/ 月/ 在/ 北京/ 有/ 会议/ 没
A2	你们/ 公司/ 本周/ 有/ 哪些/ 会议
A2	说/ 一下/ 明天/ 的/ 活动/ 内容
A2	那个/ 什么/ 电商/ 的/ 会/ 具体/ 都/ 什么/ 内容
A2	那场/ 数据/ 创新/ 的/ 活动/ 具体/ 具体内容/ 体内/ 内容/ 是/ 什么
A2	那场/ 人工/ 人工智能/ 智能/ 的/ 会议/ 都/ 涉及/ 哪些/ 东西
A2	那场/ 机器/ 学习/ 的/ 活动/ 都/ 会/ 讲/ 什么
A2	介绍/ 一下/ 今天/ 的/ 会议
A2	说/ 一下/ 明天/ 天线/ 上/ 的/ 会议/ 内容
A2	介绍/ 一下/ 今天/ 天线/ 线下/ 的/ 会议/ 内容
A2	说/ 一下/ 明天/ 在线/ 的/ 会议/ 内容
A2	介绍/ 一下/ 今天/ 北京/ 线下/ 的/ 会议/ 内容
A2	说/ 一下/ 明天/ 的/ 研讨/ 研讨会/ 介绍
A2	说/ 一下/ 明天/ 的/ 会议/ 日程
A2	介绍/ 一下/ 今天/ 在线/ 的/ 会议/ 内容
A2	介绍/ 一下/ 今天/ 天线/ 上/ 的/ 会议/ 内容
A2	介绍/ 一下/ 今天/ 的/ 活动
A2	说/ 一下/ 明天/ 天线/ 线下/ 的/ 会议/ 内容
A2	我/ 想/ 参加/ 明天/ 的/ 活动
A2	我/ 要/ 参加/ 明天/ 的/ 活动
A2	我/ 要/ 报名/ 明天/ 的/ 活动
A2	给/ 我/ 报名/ 明天/ 的/ 活动
A2	给/ 我/ 报/ 一下/ 明天/ 的/ 活动
A2	帮/ 我/ 报/ 一下/ 明天/ 的/ 活动
A2	我/ 想/ 参加/ 明天/ 天线/ 上/ 的/ 活动
A2	我/ 要/ 参加/ 明天/ 天线/ 上/ 的/ 活动
A2	我/ 想报/ 报名/ 明天/ 天线/ 上/ 的/ 活动
A2	我/ 要/ 报名/ 明天/ 天线/ 上/ 的/ 活动
A2	帮/ 我/ 报名/ 明天/ 天线/ 上/ 的/ 活动
A2	明天/ 天线/ 上/ 的/ 活动/ ，/ 给/ 我/ 报/ 一下/ 名
A2	帮/ 我/ 报/ 一下/ 明天/ 天线/ 上/ 的/ 活动
A2	亚马/ 亚马逊/ 云/ 科技/ 最近/ 有/ 哪些/ 网上/ 研讨/ 研讨会
A2	亚马/ 亚马逊/ 云/ 科技/ 这个/ 星期/ 有/ 哪些/ 网上/ 上会/ 会议
A2	亚马/ 亚马逊/ 云/ 科技/ 下个星期/ 星期/ 有/ 网上/ 研讨/ 研讨会/ 吗
A2	你们/ 公司/ 下周/ 有/ 网上/ 上会/ 会议/ 没
A2	亚马/ 亚马逊/ 云/ 科技/ 近期/ 有/ 哪些/ 网上/ 研讨/ 研讨会
A2	你们/ 公司/ 最近/ 有/ 哪些/ 网上/ 研讨/ 研讨会
A2	亚马/ 亚马逊/ 云/ 科技/ 最近/ 有/ 哪些/ 网上/ 活动
A2	你们/ 公司/ 这个/ 月/ 有/ 什么/ 网上/ 上峰/ 峰会
A2	AWS/ 这/ 半月/ 有/ 哪些/ 网上/ 讲座
A2	亚马/ 亚马逊/ 云/ 科技/ 最近/ 两周/ 有/ 网上/ 上会/ 会议/ 没
A2	你们/ 公司/ 下周/ 有/ 什么/ 网上/ 上峰/ 峰会
A2	亚马/ 亚马逊/ 云/ 科技/ 下个月/ 有/ 网上/ 上会/ 会议/ 吗
A2	你们/ 公司/ 下个星期/ 星期/ 有/ 网上/ 活动/ 没
A2	亚马/ 亚马逊/ 云/ 科技/ 上个/ 上个月/ 有/ 哪些/ 网上/ 研讨/ 研讨会
A2	亚马/ 亚马逊/ 云/ 科技/ 近几天/ 几天/ 有/ 什么/ 网上/ 上会/ 会议
A2	亚马/ 亚马逊/ 云/ 科技/ 这/ 两/ 星期/ 有/ 网上/ 讲座/ 吗
A2	亚马/ 亚马逊/ 云/ 科技/ 本月/ 有/ 网上/ 活动/ 没
A2	亚马/ 亚马逊/ 云/ 科技/ 上个/ 上个月/ 有/ 网上/ 上会/ 会议/ 吗
A2	亚马/ 亚马逊/ 云/ 科技/ 下个月/ 有/ 哪些/ 网上/ 上会/ 会议
A2	你们/ 公司/ 后天/ 有/ 什么/ 网上/ 活动
A2	AWS/ 下周/ 有/ 什么/ 网上/ 上峰/ 峰会
A2	我/ 想/ 参加/ 明天/ 天上/ 上海/ 海线/ 线下/ 的/ 活动
A2	我/ 要/ 参加/ 明天/ 天上/ 上海/ 海线/ 线下/ 的/ 活动
A2	我/ 想报/ 报名/ 明天/ 天上/ 上海/ 的/ 活动
A2	我/ 要/ 报名/ 明天/ 天上/ 上海/ 的/ 活动
A2	帮/ 我/ 报名/ 明天/ 天上/ 上海/ 的/ 活动
A2	明天/ 天上/ 上海/ 的/ 活动/ ，/ 给/ 我/ 报/ 一下/ 名
A2	帮/ 我/ 报/ 一下/ 明天/ 天上/ 上海/ 的/ 活动
A2	你们/ 公司/ 最近/ 两/ 星期/ 在/ 上海/ 有/ 什么/ 活动
A2	AWS/ 近几天/ 几天/ 在/ 上海/ 有/ 什么/ 活动
A2	你们/ 公司/ 本周/ 在/ 上海/ 有/ 哪些/ 活动
A2	AWS/ 近期/ 在/ 上海/ 有/ 讲座/ 吗
A2	AWS/ 有/ 什么/ 历史/ 活动
A2	AWS/ 举办/ 过/ 有/ 什么/ 活动
A2	AWS/ 以前/ 有/ 什么/ 活动
A2	AWS/ 之前/ 有/ 什么/ 活动
A2	AWS/ 过去/ 有/ 什么/ 活动
A2	过去/ 有/ 什么/ 活动
A2	去年/ 有/ 什么/ 活动
A2	上一年/ 一年/ 有/ 什么/ 活动
A2	昨天/ 有/ 什么/ 活动
A2	前天/ 有/ 什么/ 活动
A2	上周/ 有/ 什么/ 活动
A2	上星期/ 星期/ 有/ 什么/ 活动
A2	上个/ 上个星期/ 星期/ 有/ 什么/ 活动
A2	前/ 两周/ 有/ 什么/ 活动
A2	上/ 两周/ 有/ 什么/ 活动
A2	前/ 两/ 星期/ 有/ 什么/ 活动
A2	前/ 两个/ 星期/ 有/ 什么/ 活动
A2	上/ 两个/ 星期/ 有/ 什么/ 活动
A2	上个/ 上个月/ 有/ 什么/ 活动
A2	上月/ 有/ 什么/ 活动
A2	AWS/ 前天/ 有/ 什么/ 活动
A2	你们/ 公司/ 前天/ 有/ 什么/ 在线/ 峰会
A2	AWS/ 前/ 两/ 星期/ 有/ 网络/ 研讨/ 研讨会/ 吗
A2	AWS/ 前/ 两个/ 星期/ 在/ 深圳/ 有/ 哪些/ 峰会
A2	亚马/ 亚马逊/ 云/ 科技/ 前天/ 有/ 在线/ 会议/ 没
A2	AWS/ 前/ 两个/ 星期/ 有/ 什么/ 网络/ 活动
A2	你们/ 公司/ 前/ 两/ 星期/ 有/ 会议/ 吗
A2	亚马/ 亚马逊/ 云/ 科技/ 前/ 两/ 星期/ 有/ 会议/ 吗
A2	AWS/ 前/ 两周/ 有/ 活动/ 没
A2	你们/ 公司/ 前天/ 有/ 哪些/ 讲座
A2	AWS/ 前/ 两周/ 在/ 北京/ 有/ 哪些/ 研讨/ 研讨会
A2	亚马/ 亚马逊/ 云/ 科技/ 前/ 两/ 星期/ 有/ 什么/ 活动
A2	你们/ 公司/ 前/ 两/ 星期/ 有/ 活动/ 没
A2	你们/ 公司/ 前天/ 有/ 会议/ 没
A2	AWS/ 前/ 两/ 星期/ 有/ 现场/ 研讨/ 研讨会/ 吗
A2	AWS/ 前天/ 在/ 上海/ 有/ 哪些/ 研讨/ 研讨会
A2	你们/ 公司/ 前/ 两个/ 星期/ 在/ 西安/ 有/ 会议/ 没
A2	AWS/ 前/ 两周/ 有/ 哪些/ 会议
A2	亚马/ 亚马逊/ 云/ 科技/ 前/ 两个/ 星期/ 有/ 哪些/ 峰会
A2	AWS/ 前天/ 有/ 会议/ 没
A2	你们/ 公司/ 前/ 两周/ 有研/ 研讨/ 研讨会/ 吗
A2	你们/ 公司/ 前天/ 有研/ 研讨/ 研讨会/ 吗
A2	你们/ 公司/ 前/ 两个/ 星期/ 有/ 什么/ 会议
A2	你们/ 公司/ 前/ 两/ 星期/ 有线/ 上/ 讲座/ 吗
A2	AWS/ 前/ 两周/ 有/ 哪些/ 活动
A2	亚马/ 亚马逊/ 云/ 科技/ 前/ 两/ 星期/ 有/ 哪些/ 直播/ 研讨/ 研讨会
A2	亚马/ 亚马逊/ 云/ 科技/ 前天/ 有/ 哪些/ 峰会
A2	你们/ 公司/ 前天/ 有/ 哪些/ 峰会
A2	你们/ 公司/ 前/ 两个/ 星期/ 有线/ 上会/ 会议/ 吗
A2	你们/ 公司/ 前天/ 有/ 什么/ 会议
A2	亚马/ 亚马逊/ 云/ 科技/ 前/ 两周/ 有/ 会议/ 没
A2	AWS/ 前/ 两周/ 有/ 哪些/ 研讨/ 研讨会
A2	你们/ 公司/ 前/ 两/ 星期/ 有/ 会议/ 没
A2	AWS/ 前天/ 有/ 哪些/ 研讨/ 研讨会
A2	你们/ 公司/ 前/ 两周/ 有/ 哪些/ 在线/ 活动
A2	AWS/ 前/ 两周/ 在/ 厦门/ 有研/ 研讨/ 研讨会/ 吗
A2	AWS/ 前/ 两/ 星期/ 有/ 什么/ 峰会
A2	亚马/ 亚马逊/ 云/ 科技/ 前/ 两/ 星期/ 有/ 什么/ 线下/ 活动
A2	你们/ 公司/ 前/ 两周/ 有用/ 手机/ 就/ 可以/ 观看/ 的/ 研讨/ 研讨会/ 吗
A2	AWS/ 前/ 两个/ 星期/ 有/ 什么/ 活动
A2	亚马/ 亚马逊/ 云/ 科技/ 前/ 两个/ 星期/ 在/ 北京/ 有/ 什么/ 活动
A2	你们/ 公司/ 前/ 两个/ 星期/ 有/ 哪些/ 研讨/ 研讨会
A2	AWS/ 下周/ 有/ 迁移/ 上/ 云/ 的/ 会议/ 吗
A2	AWS/ 上月/ 在/ 北京/ 有/ 哪些/ 峰会
A2	亚马/ 亚马逊/ 云/ 科技/ 上/ 两/ 星期/ 在/ 西安/ 有/ 会议/ 吗
A2	亚马/ 亚马逊/ 云/ 科技/ 上个/ 上个月/ 有/ 哪些/ 峰会
A2	你们/ 公司/ 上/ 两周/ 在/ 深圳/ 有/ 会议/ 吗
A2	你们/ 公司/ 上/ 两/ 星期/ 在/ 深圳/ 有/ 哪些/ 研讨/ 研讨会
A2	AWS/ 上/ 两周/ 在/ 成都/ 有/ 会议/ 吗
A2	AWS/ 上个/ 上个月/ 在/ 北京/ 有/ 什么/ 会议
A2	亚马/ 亚马逊/ 云/ 科技/ 上/ 两周/ 有/ 什么/ 网络/ 会议
A2	你们/ 公司/ 上月/ 有/ 活动/ 没
A2	亚马/ 亚马逊/ 云/ 科技/ 上星期/ 星期/ 有/ 哪些/ 在线/ 研讨/ 研讨会
A2	你们/ 公司/ 上个/ 上个星期/ 星期/ 有/ 活动/ 吗
A2	亚马/ 亚马逊/ 云/ 科技/ 上月/ 在/ 成都/ 有/ 活动/ 没
A2	亚马/ 亚马逊/ 云/ 科技/ 上月/ 在/ 广州/ 有/ 哪些/ 研讨/ 研讨会
A2	亚马/ 亚马逊/ 云/ 科技/ 上个/ 上个月/ 有/ 哪些/ 线下/ 研讨/ 研讨会
A2	你们/ 公司/ 上个/ 上个星期/ 星期/ 有/ 现场/ 讲座/ 吗
A2	AWS/ 上/ 两个/ 星期/ 有/ 网络/ 讲座/ 吗
A2	你们/ 公司/ 上月/ 有/ 会议/ 吗
A2	AWS/ 上/ 两周/ 有/ 活动/ 吗
A2	亚马/ 亚马逊/ 云/ 科技/ 上/ 两周/ 有/ 哪些/ 活动
A2	AWS/ 上个/ 上个月/ 有/ 什么/ 现场/ 峰会
A2	亚马/ 亚马逊/ 云/ 科技/ 上/ 两/ 星期/ 有/ 活动/ 吗
A2	AWS/ 上周/ 有/ 哪些/ 研讨/ 研讨会
A2	亚马/ 亚马逊/ 云/ 科技/ 上/ 两周/ 在/ 北京/ 有/ 活动/ 吗
A2	AWS/ 上月/ 在/ 成都/ 有/ 哪些/ 会议
A2	AWS/ 上个/ 上个星期/ 星期/ 在/ 厦门/ 有/ 哪些/ 讲座
A2	亚马/ 亚马逊/ 云/ 科技/ 上星期/ 星期/ 有/ 网络/ 讲座/ 吗
A2	亚马/ 亚马逊/ 云/ 科技/ 上个/ 上个星期/ 星期/ 有/ 活动/ 没
A2	你们/ 公司/ 上个/ 上个月/ 有/ 哪些/ 会议
A2	AWS/ 上个/ 上个星期/ 星期/ 在/ 上海/ 有/ 会议/ 吗
A2	亚马/ 亚马逊/ 云/ 科技/ 上月/ 有/ 哪些/ 峰会
A2	亚马/ 亚马逊/ 云/ 科技/ 上个/ 上个星期/ 星期/ 有/ 哪些/ 在线/ 研讨/ 研讨会
A2	亚马/ 亚马逊/ 云/ 科技/ 上/ 两/ 星期/ 有/ 会议/ 没
A2	你们/ 公司/ 上个/ 上个星期/ 星期/ 有线/ 线下/ 活动/ 没
A2	你们/ 公司/ 上星期/ 星期/ 有/ 在线/ 会议/ 吗
A2	亚马/ 亚马逊/ 云/ 科技/ 上月/ 有/ 哪些/ 在线/ 研讨/ 研讨会
A2	亚马/ 亚马逊/ 云/ 科技/ 上/ 两个/ 星期/ 有/ 在线/ 会议/ 没
A2	AWS/ 上/ 两/ 星期/ 在/ 西安/ 有/ 讲座/ 吗
A2	亚马/ 亚马逊/ 云/ 科技/ 上个/ 上个星期/ 星期/ 有/ 哪些/ 讲座
A2	你们/ 公司/ 上个/ 上个月/ 在/ 西安/ 有/ 活动/ 没
A2	你们/ 公司/ 上周/ 有/ 网络/ 活动/ 没
A2	亚马/ 亚马逊/ 云/ 科技/ 上/ 两周/ 在/ 上海/ 有/ 哪些/ 会议
A2	AWS/ 上星期/ 星期/ 有/ 在线/ 会议/ 吗
A2	AWS/ 上月/ 有/ 哪些/ 活动
A2	亚马/ 亚马逊/ 云/ 科技/ 上周/ 有/ 会议/ 吗
A2	亚马/ 亚马逊/ 云/ 科技/ 上/ 两/ 星期/ 有/ 讲座/ 吗
A2	你们/ 公司/ 上/ 两个/ 星期/ 有/ 哪些/ 讲座
A2	你们/ 公司/ 上/ 两/ 星期/ 有用/ 手机/ 、/ 电脑/ 就/ 可以/ 观看/ 的/ 研讨/ 研讨会/ 吗
A2	AWS/ 上月/ 有/ 什么/ 峰会
A2	AWS/ 上/ 两周/ 有线/ 线下/ 活动/ 吗
A2	亚马/ 亚马逊/ 云/ 科技/ 上周/ 在/ 深圳/ 有/ 哪些/ 活动
A2	你们/ 公司/ 上/ 两个/ 星期/ 有/ 哪些/ 峰会
A2	AWS/ 上/ 两/ 星期/ 在/ 厦门/ 有/ 哪些/ 会议
A2	AWS/ 上个/ 上个月/ 有/ 现场/ 讲座/ 吗
A2	你们/ 公司/ 上/ 两周/ 在/ 福州/ 有/ 什么/ 活动
A2	你们/ 公司/ 上月/ 在/ 上海/ 有/ 什么/ 活动
A2	你们/ 公司/ 上周/ 有/ 什么/ 会议
A2	AWS/ 上个/ 上个月/ 有/ 什么/ 峰会
A2	你们/ 公司/ 上个/ 上个星期/ 星期/ 有/ 哪些/ 研讨/ 研讨会
A2	你们/ 公司/ 上月/ 有/ 哪些/ 直播/ 活动
A2	你们/ 公司/ 上周/ 在/ 深圳/ 有/ 哪些/ 讲座
A2	你们/ 公司/ 上个/ 上个星期/ 星期/ 有/ 哪些/ 用/ 手机/ 、/ 电脑/ 就/ 可以/ 观看/ 的/ 讲座
A2	AWS/ 上周/ 在/ 广州/ 有/ 讲座/ 吗
A2	你们/ 公司/ 上月/ 在/ 广州/ 有/ 哪些/ 会议
A2	亚马/ 亚马逊/ 云/ 科技/ 上周/ 有/ 活动/ 吗
A2	AWS/ 上周/ 在/ 西安/ 有/ 哪些/ 研讨/ 研讨会
A2	你们/ 公司/ 上/ 两/ 星期/ 有用/ 用电/ 电脑/ 、/ 手机/ 就/ 可以/ 观看/ 的/ 活动/ 吗
A2	亚马/ 亚马逊/ 云/ 科技/ 上/ 两/ 星期/ 在/ 广州/ 有/ 哪些/ 活动
A2	你们/ 公司/ 上月/ 在/ 西安/ 有/ 什么/ 峰会
A2	你们/ 公司/ 上/ 两/ 星期/ 在/ 厦门/ 有/ 哪些/ 峰会
A2	你们/ 公司/ 上/ 两/ 星期/ 有/ 哪些/ 研讨/ 研讨会
A2	AWS/ 上个/ 上个月/ 在/ 广州/ 有/ 什么/ 峰会
A2	你们/ 公司/ 上月/ 在/ 西安/ 有/ 哪些/ 研讨/ 研讨会
A2	你们/ 公司/ 上星期/ 星期/ 在/ 深圳/ 有/ 哪些/ 峰会
A2	你们/ 公司/ 上/ 两周/ 有/ 哪些/ 用/ 手机/ 机电/ 电脑/ 就/ 可以/ 观看/ 的/ 讲座
A2	AWS/ 上个/ 上个月/ 在/ 西安/ 有/ 讲座/ 吗
A2	亚马/ 亚马逊/ 云/ 科技/ 上/ 两个/ 星期/ 有/ 什么/ 会议
A2	AWS/ 上周/ 在/ 西安/ 有/ 什么/ 峰会
A2	亚马/ 亚马逊/ 云/ 科技/ 上周/ 有/ 哪些/ 研讨/ 研讨会
A2	你们/ 公司/ 上/ 两/ 星期/ 有/ 活动/ 吗
A2	AWS/ 昨天/ 在/ 上海/ 有/ 哪些/ 讲座
A2	亚马/ 亚马逊/ 云/ 科技/ 上/ 两个/ 星期/ 在/ 北京/ 有/ 什么/ 活动
A2	你们/ 公司/ 上/ 两周/ 有/ 在线/ 活动/ 吗
A2	你们/ 公司/ 上星期/ 星期/ 有/ 什么/ 会议
A2	你们/ 公司/ 上周/ 有/ 哪些/ 线/ 上峰/ 峰会
A2	你们/ 公司/ 上周/ 有线/ 上/ 讲座/ 吗
A2	你们/ 公司/ 上周/ 有线/ 上会/ 会议/ 没
A2	你们/ 公司/ 上月/ 有线/ 上会/ 会议/ 没
A2	AWS/ 上月/ 有线/ 上会/ 会议/ 吗
A2	你们/ 公司/ 上个/ 上个星期/ 星期/ 有线/ 上/ 讲座/ 吗
A2	你们/ 公司/ 上个/ 上个月/ 有线/ 上会/ 会议/ 吗
A2	亚马/ 亚马逊/ 云/ 科技/ 上个/ 上个月/ 有线/ 上/ 研讨/ 研讨会/ 吗
A2	亚马/ 亚马逊/ 云/ 科技/ 昨天/ 有/ 会议/ 吗
A2	你们/ 公司/ 昨天/ 有/ 哪些/ 讲座
A2	你们/ 公司/ 昨天/ 有/ 什么/ 峰会
A2	你们/ 公司/ 昨天/ 在/ 广州/ 有/ 活动/ 吗
A2	AWS/ 昨天/ 有/ 活动/ 吗
A2	你们/ 公司/ 昨天/ 有/ 网络/ 会议/ 吗
A2	你们/ 公司/ 昨天/ 有/ 活动/ 吗
A2	亚马/ 亚马逊/ 云/ 科技/ 昨天/ 有/ 哪些/ 用/ 手机/ 、/ 电脑/ 就/ 可以/ 观看/ 的/ 会议
A2	亚马/ 亚马逊/ 云/ 科技/ 昨天/ 有/ 哪些/ 网络/ 活动
A2	你们/ 公司/ 昨天/ 有/ 哪些/ 网上/ 研讨/ 研讨会
A2	亚马/ 亚马逊/ 云/ 科技/ 昨天/ 有/ 什么/ 网上/ 上峰/ 峰会
A2	把/ 上周/ 活动/ 的/ 邀请/ 邀请函/ 给我发/ 一下
A2	把/ 上周/ 活动/ 的/ 内容/ 发/ 我/ 手机/ 机上
A2	把/ 上周/ 活动/ 的/ 资料/ 发/ 我/ 邮箱/ 里
A2	把/ 上周/ 活动/ 信息/ 发/ 我/ 邮箱
A2	把/ 上周/ 活动/ 的/ 内容/ 发邮件/ 邮件/ 给/ 我
A2	把/ 上个/ 上个月/ 活动/ 的/ 资料/ 发邮件/ 邮件/ 给/ 我
A2	把/ 上个/ 上个月/ 活动/ 信息/ 发邮件/ 邮件/ 给/ 我/ 上
A2	把/ 上个/ 上个月/ 活动/ 的/ 内容/ 发/ 我/ 邮箱/ 里
A2	把/ 上个/ 上个月/ 活动/ 的/ 资料/ 发/ 我/ 邮箱/ 上
A2	把/ 上个/ 上个月/ 活动/ 信息/ 发/ 我/ 邮箱/ 上
A2	把/ 上周/ 活动/ 的/ 资料/ 发/ 个/ 短信/ 给/ 我
A2	把/ 上周/ 活动/ 信息/ 发/ 个/ 短信/ 给/ 我
A2	把/ 上个/ 上个月/ 活动/ 的/ 资料/ 给我发/ 一下/ 邮件
A2	把/ 上个/ 上个月/ 活动/ 信息/ 发邮件/ 邮件/ 给/ 我
