A2101	什么/ 是/ AWS
A2101	AWS/ 是/ 什么/ 意思
A2101	AWS/ 的/ 中文/ 中文名/ 文名/ 名字/ 是/ 什么
A2101	AWS/ 的/ 中文/ 中文名/ 中文名称/ 文名/ 名称/ 怎么/ 说
A2101	介绍/ 一下/ AWS/ 公司
A2101	跟/ 我/ 讲/ 一下/ AWS/ 公司
A2101	什么/ 是/ 亚马/ 亚马逊/ 云/ 科技
A2101	AWS/ 业务
A2101	AWS/ 简介
A2101	AWS/ 是/ 一家/ 家什/ 什么/ 什么样/ 的/ 公司
A2101	AWS/ 是/ 一家/ 怎样/ 的/ 公司
A2101	不/ 太/ 了解/ AWS/ 是/ 做/ 什么/ 的
A2101	不/ 太/ 了解/ 亚马/ 亚马逊/ 云/ 科技/ 做/ 什么/ 的
A2101	不/ 太/ 清楚/ 楚亚/ 亚马/ 亚马逊/ 云/ 科技/ 做/ 哪些/ 业务
A2101	AWS/ 公司/ 是/ 干什么/ 什么/ 的
A2101	AWS/ 公司/ 做/ 干什么/ 什么/ 的
A2101	AWS/ 公司/ 是/ 干/ 啥/ 的
A2101	AWS/ 公司/ 是/ 做/ 啥/ 的
A2101	不太熟悉/ 熟悉/ AWS/ 的/ 业务
A2101	不/ 太/ 清楚/ AWS/ 是/ 干什么/ 什么
A2101	AWS/ 有/ 什么/ 业务
A2101	AWS/ 有/ 哪些/ 业务
A2101	AWS/ 做/ 什么/ 业务
A2101	亚马/ 亚马逊/ 云/ 科技/ 是/ 干什么/ 什么/ 的
A2101	亚马/ 亚马逊/ 云/ 科技/ 做/ 干什么/ 什么/ 的
A2101	亚马/ 亚马逊/ 云/ 科技/ 是/ 干/ 啥/ 的
A2101	亚马/ 亚马逊/ 云/ 科技/ 是/ 做/ 啥/ 的
A2101	我/ 不/ 太/ 了解/ 亚马/ 亚马逊/ 云/ 科技
A2101	我/ 想/ 了解/ 亚马/ 亚马逊/ 云/ 科技
A2101	我/ 没听说过/ 听说/ 过/ 亚马/ 亚马逊/ 云/ 科技
A2101	不太熟悉/ 熟悉/ 亚马/ 亚马逊/ 云/ 科技
A2101	不/ 太/ 了解/ 亚马/ 亚马逊/ 云/ 科技
A2101	不/ 太/ 清楚/ 楚亚/ 亚马/ 亚马逊/ 云/ 科技
A2101	亚马/ 亚马逊/ 云/ 科技/ 有/ 什么/ 业务
A2101	亚马/ 亚马逊/ 云/ 科技/ 有/ 那些/ 业务
A2101	介绍/ 一下/ 亚马/ 亚马逊/ 云/ 科技
A2101	讲/ 一下/ 亚马/ 亚马逊/ 云/ 科技
A2102	怎么/ 联系/ AWS
A2102	如何/ 联系/ AWS
A2102	怎么/ 联系/ 亚马/ 亚马逊/ 云/ 科技
A2102	如何/ 联系/ 亚马/ 亚马逊/ 云/ 科技
A2102	怎么/ 联系/ 你们/ 公司
A2102	如何/ 联系/ 你们/ 公司
A2102	AWS/ 联系/ 联系方式/ 方式
A2102	AWS/ 电话
A2102	AWS/ 地址
A2102	AWS/ 是/ 美国/ 的/ 吗
A2102	AWS/ 中国/ 中国区/ 总部/ 在/ 哪儿
A2102	AWS/ 中国/ 总部/ 在/ 北京/ 吗
A2102	AWS/ 中国/ 总部/ 在/ 上海/ 吗
A2102	AWS/ 公司/ 公司总部/ 总部/ 在/ 哪儿
A2102	AWS/ 公司/ 在/ 哪个/ 地方
A2102	AWS/ 公司/ 在/ 哪个/ 国家
A2102	AWS/ 公司/ 是/ 哪国/ 的
A2102	AWS/ 公司/ 在/ 哪个/ 城市
A2102	AWS/ 官/ 网
A2102	你们/ 公司/ 网址/ 是/ 多少
A2102	AWS/ 公司/ 网址/ 是/ 多少
A2102	亚马/ 亚马逊/ 云/ 科技/ 科技网/ 网址/ 是/ 多少
A2102	亚马/ 亚马逊/ 云/ 科技/ 官方/ 官方网/ 网址/ 是/ 哪个
A2102	你们/ 公司/ 司官/ 官方/ 官方网/ 官方网站/ 网站/ 是/ 哪个
A2102	AWS/ 公司/ 司官/ 官方/ 官方网/ 官方网站/ 网站/ 是/ 哪个
A2102	你们/ 公司/ 网站/ 是/ 哪个
A2102	AWS/ 公司/ 网站/ 是/ 哪个
A2102	亚马/ 亚马逊/ 云/ 科技/ 科技网/ 网站/ 是/ 哪个
A2102	AWS/ 公司/ 的/ 联系/ 联系方式/ 方式
A2102	你们/ 公司/ 电话/ 多少
A2102	AWS/ 公司/ 电话/ 是/ 多少
A2102	你们/ 公司/ 电话/ 电话号码/ 号码/ 是/ 什么
A2102	亚马/ 亚马逊/ 云/ 科技/ 电话/ 是/ 多少
A2102	你们/ 公司/ 热线/ 热线电话/ 电话/ 多少
A2102	AWS/ 公司/ 热线/ 热线电话/ 电话/ 是/ 多少
A2102	你们/ 公司/ 热线/ 热线电话/ 电话/ 电话号码/ 号码/ 是/ 什么
A2102	你们/ 公司/ 服务/ 热线/ 多少
A2102	AWS/ 公司/ 服务/ 热线/ 是/ 多少
A2102	你们/ 公司/ 服务/ 热线/ 号码/ 是/ 什么
A2102	AWS/ 公司/ 在/ 哪儿
A2102	AWS/ 公司/ 在/ 什么/ 地方
A2102	亚马/ 亚马逊/ 云/ 科技/ 在/ 什么/ 地方
A2102	AWS/ 公司/ 公司地址/ 地址/ 在/ 哪儿
A2102	AWS/ 在/ 哪里
A2102	AWS/ 公司/ 公司地址/ 地址/ 在/ 哪里
A2102	亚马/ 亚马逊/ 云/ 科技/ 地址/ 在/ 哪儿
A2102	亚马/ 亚马逊/ 云/ 科技/ 地址/ 在/ 哪里
A2102	亚马/ 亚马逊/ 云/ 科技/ 在/ 哪儿
A2102	亚马/ 亚马逊/ 云/ 科技/ 在/ 哪里
A2102	你们/ 公司/ 司官/ 网/ 是/ 多少
A2102	AWS/ 公司/ 司官/ 网/ 是/ 多少
A2102	亚马/ 亚马逊/ 云/ 科技/ 官/ 网/ 是/ 多少
A2102	你们/ 公司/ 司官/ 官方/ 官方网/ 网址/ 是/ 多少
A2102	AWS/ 公司/ 司官/ 官方/ 官方网/ 网址/ 是/ 什么
A2102	亚马/ 亚马逊/ 云/ 科技/ 官方/ 官方网/ 网址/ 是/ 什么
A2102	你们/ 公司/ 司官/ 官方/ 官方网/ 官方网站/ 网站/ 是/ 什么
A2102	AWS/ 公司/ 司官/ 官方/ 官方网/ 官方网站/ 网站/ 是/ 什么
A2102	亚马/ 亚马逊/ 云/ 科技/ 官方/ 官方网/ 官方网站/ 网站/ 是/ 多少
